userId,group,item,responseNo,checked
2aa3c24fbe2f4c46a3464c74ae6c6851,0,age,1,0
2aa3c24fbe2f4c46a3464c74ae6c6851,0,age,2,0
2aa3c24fbe2f4c46a3464c74ae6c6851,0,age,3,0
2aa3c24fbe2f4c46a3464c74ae6c6851,0,age,4,0
2aa3c24fbe2f4c46a3464c74ae6c6851,0,age,5,0
2aa3c24fbe2f4c46a3464c74ae6c6851,0,age,6,0
2aa3c24fbe2f4c46a3464c74ae6c6851,0,age,7,1
2aa3c24fbe2f4c46a3464c74ae6c6851,0,gender,1,0
2aa3c24fbe2f4c46a3464c74ae6c6851,0,gender,2,0
2aa3c24fbe2f4c46a3464c74ae6c6851,0,gender,3,0
2aa3c24fbe2f4c46a3464c74ae6c6851,0,gender,4,0
2aa3c24fbe2f4c46a3464c74ae6c6851,0,gender,5,0
2aa3c24fbe2f4c46a3464c74ae6c6851,0,gender,6,0
2aa3c24fbe2f4c46a3464c74ae6c6851,0,gender,7,1
2aa3c24fbe2f4c46a3464c74ae6c6851,0,education,1,0
2aa3c24fbe2f4c46a3464c74ae6c6851,0,education,2,0
2aa3c24fbe2f4c46a3464c74ae6c6851,0,education,3,0
2aa3c24fbe2f4c46a3464c74ae6c6851,0,education,4,0
2aa3c24fbe2f4c46a3464c74ae6c6851,0,education,5,0
2aa3c24fbe2f4c46a3464c74ae6c6851,0,education,6,0
2aa3c24fbe2f4c46a3464c74ae6c6851,0,education,7,1
2aa3c24fbe2f4c46a3464c74ae6c6851,0,background,1,0
2aa3c24fbe2f4c46a3464c74ae6c6851,0,background,2,0
2aa3c24fbe2f4c46a3464c74ae6c6851,0,background,3,0
2aa3c24fbe2f4c46a3464c74ae6c6851,0,background,4,0
2aa3c24fbe2f4c46a3464c74ae6c6851,0,background,5,0
2aa3c24fbe2f4c46a3464c74ae6c6851,0,background,6,0
2aa3c24fbe2f4c46a3464c74ae6c6851,0,background,7,1
2aa3c24fbe2f4c46a3464c74ae6c6851,0,region,1,0
2aa3c24fbe2f4c46a3464c74ae6c6851,0,region,2,0
2aa3c24fbe2f4c46a3464c74ae6c6851,0,region,3,0
2aa3c24fbe2f4c46a3464c74ae6c6851,0,region,4,0
2aa3c24fbe2f4c46a3464c74ae6c6851,0,region,5,0
2aa3c24fbe2f4c46a3464c74ae6c6851,0,region,6,0
2aa3c24fbe2f4c46a3464c74ae6c6851,0,region,7,1
2aa3c24fbe2f4c46a3464c74ae6c6851,0,language,1,0
2aa3c24fbe2f4c46a3464c74ae6c6851,0,language,2,0
2aa3c24fbe2f4c46a3464c74ae6c6851,0,language,3,0
2aa3c24fbe2f4c46a3464c74ae6c6851,0,language,4,0
2aa3c24fbe2f4c46a3464c74ae6c6851,0,language,5,0
2aa3c24fbe2f4c46a3464c74ae6c6851,0,language,6,0
2aa3c24fbe2f4c46a3464c74ae6c6851,0,language,7,1
0e0a8bcaad18490caf25c936cf863f03,1,age,1,0
0e0a8bcaad18490caf25c936cf863f03,1,age,2,1
0e0a8bcaad18490caf25c936cf863f03,1,age,3,0
0e0a8bcaad18490caf25c936cf863f03,1,age,4,0
0e0a8bcaad18490caf25c936cf863f03,1,age,5,0
0e0a8bcaad18490caf25c936cf863f03,1,age,6,0
0e0a8bcaad18490caf25c936cf863f03,1,age,7,0
0e0a8bcaad18490caf25c936cf863f03,1,gender,1,0
0e0a8bcaad18490caf25c936cf863f03,1,gender,2,1
0e0a8bcaad18490caf25c936cf863f03,1,gender,3,0
0e0a8bcaad18490caf25c936cf863f03,1,gender,4,0
0e0a8bcaad18490caf25c936cf863f03,1,gender,5,0
0e0a8bcaad18490caf25c936cf863f03,1,gender,6,0
0e0a8bcaad18490caf25c936cf863f03,1,gender,7,0
0e0a8bcaad18490caf25c936cf863f03,1,education,1,0
0e0a8bcaad18490caf25c936cf863f03,1,education,2,0
0e0a8bcaad18490caf25c936cf863f03,1,education,3,0
0e0a8bcaad18490caf25c936cf863f03,1,education,4,0
0e0a8bcaad18490caf25c936cf863f03,1,education,5,0
0e0a8bcaad18490caf25c936cf863f03,1,education,6,1
0e0a8bcaad18490caf25c936cf863f03,1,education,7,0
0e0a8bcaad18490caf25c936cf863f03,1,background,1,0
0e0a8bcaad18490caf25c936cf863f03,1,background,2,1
0e0a8bcaad18490caf25c936cf863f03,1,background,3,0
0e0a8bcaad18490caf25c936cf863f03,1,background,4,0
0e0a8bcaad18490caf25c936cf863f03,1,background,5,0
0e0a8bcaad18490caf25c936cf863f03,1,background,6,0
0e0a8bcaad18490caf25c936cf863f03,1,background,7,0
0e0a8bcaad18490caf25c936cf863f03,1,region,1,0
0e0a8bcaad18490caf25c936cf863f03,1,region,2,0
0e0a8bcaad18490caf25c936cf863f03,1,region,3,0
0e0a8bcaad18490caf25c936cf863f03,1,region,4,0
0e0a8bcaad18490caf25c936cf863f03,1,region,5,1
0e0a8bcaad18490caf25c936cf863f03,1,region,6,0
0e0a8bcaad18490caf25c936cf863f03,1,region,7,0
0e0a8bcaad18490caf25c936cf863f03,1,language,1,0
0e0a8bcaad18490caf25c936cf863f03,1,language,2,0
0e0a8bcaad18490caf25c936cf863f03,1,language,3,0
0e0a8bcaad18490caf25c936cf863f03,1,language,4,1
0e0a8bcaad18490caf25c936cf863f03,1,language,5,0
0e0a8bcaad18490caf25c936cf863f03,1,language,6,0
0e0a8bcaad18490caf25c936cf863f03,1,language,7,0
66c2e58e71b141e7bafab8f1b9364850,1,age,1,0
66c2e58e71b141e7bafab8f1b9364850,1,age,2,0
66c2e58e71b141e7bafab8f1b9364850,1,age,3,0
66c2e58e71b141e7bafab8f1b9364850,1,age,4,0
66c2e58e71b141e7bafab8f1b9364850,1,age,5,0
66c2e58e71b141e7bafab8f1b9364850,1,age,6,0
66c2e58e71b141e7bafab8f1b9364850,1,age,7,1
66c2e58e71b141e7bafab8f1b9364850,1,gender,1,0
66c2e58e71b141e7bafab8f1b9364850,1,gender,2,0
66c2e58e71b141e7bafab8f1b9364850,1,gender,3,0
66c2e58e71b141e7bafab8f1b9364850,1,gender,4,0
66c2e58e71b141e7bafab8f1b9364850,1,gender,5,0
66c2e58e71b141e7bafab8f1b9364850,1,gender,6,0
66c2e58e71b141e7bafab8f1b9364850,1,gender,7,1
66c2e58e71b141e7bafab8f1b9364850,1,education,1,0
66c2e58e71b141e7bafab8f1b9364850,1,education,2,0
66c2e58e71b141e7bafab8f1b9364850,1,education,3,0
66c2e58e71b141e7bafab8f1b9364850,1,education,4,0
66c2e58e71b141e7bafab8f1b9364850,1,education,5,0
66c2e58e71b141e7bafab8f1b9364850,1,education,6,1
66c2e58e71b141e7bafab8f1b9364850,1,education,7,0
66c2e58e71b141e7bafab8f1b9364850,1,background,1,0
66c2e58e71b141e7bafab8f1b9364850,1,background,2,0
66c2e58e71b141e7bafab8f1b9364850,1,background,3,0
66c2e58e71b141e7bafab8f1b9364850,1,background,4,0
66c2e58e71b141e7bafab8f1b9364850,1,background,5,0
66c2e58e71b141e7bafab8f1b9364850,1,background,6,1
66c2e58e71b141e7bafab8f1b9364850,1,background,7,0
66c2e58e71b141e7bafab8f1b9364850,1,region,1,0
66c2e58e71b141e7bafab8f1b9364850,1,region,2,0
66c2e58e71b141e7bafab8f1b9364850,1,region,3,0
66c2e58e71b141e7bafab8f1b9364850,1,region,4,0
66c2e58e71b141e7bafab8f1b9364850,1,region,5,1
66c2e58e71b141e7bafab8f1b9364850,1,region,6,0
66c2e58e71b141e7bafab8f1b9364850,1,region,7,0
66c2e58e71b141e7bafab8f1b9364850,1,language,1,0
66c2e58e71b141e7bafab8f1b9364850,1,language,2,0
66c2e58e71b141e7bafab8f1b9364850,1,language,3,0
66c2e58e71b141e7bafab8f1b9364850,1,language,4,0
66c2e58e71b141e7bafab8f1b9364850,1,language,5,0
66c2e58e71b141e7bafab8f1b9364850,1,language,6,1
66c2e58e71b141e7bafab8f1b9364850,1,language,7,0
33a984a85358432e9f19212428364358,0,age,1,0
33a984a85358432e9f19212428364358,0,age,2,1
33a984a85358432e9f19212428364358,0,age,3,0
33a984a85358432e9f19212428364358,0,age,4,0
33a984a85358432e9f19212428364358,0,age,5,0
33a984a85358432e9f19212428364358,0,age,6,0
33a984a85358432e9f19212428364358,0,age,7,0
33a984a85358432e9f19212428364358,0,gender,1,0
33a984a85358432e9f19212428364358,0,gender,2,1
33a984a85358432e9f19212428364358,0,gender,3,0
33a984a85358432e9f19212428364358,0,gender,4,0
33a984a85358432e9f19212428364358,0,gender,5,0
33a984a85358432e9f19212428364358,0,gender,6,0
33a984a85358432e9f19212428364358,0,gender,7,0
33a984a85358432e9f19212428364358,0,education,1,0
33a984a85358432e9f19212428364358,0,education,2,0
33a984a85358432e9f19212428364358,0,education,3,0
33a984a85358432e9f19212428364358,0,education,4,0
33a984a85358432e9f19212428364358,0,education,5,0
33a984a85358432e9f19212428364358,0,education,6,1
33a984a85358432e9f19212428364358,0,education,7,0
33a984a85358432e9f19212428364358,0,background,1,0
33a984a85358432e9f19212428364358,0,background,2,1
33a984a85358432e9f19212428364358,0,background,3,0
33a984a85358432e9f19212428364358,0,background,4,0
33a984a85358432e9f19212428364358,0,background,5,0
33a984a85358432e9f19212428364358,0,background,6,0
33a984a85358432e9f19212428364358,0,background,7,0
33a984a85358432e9f19212428364358,0,region,1,0
33a984a85358432e9f19212428364358,0,region,2,0
33a984a85358432e9f19212428364358,0,region,3,0
33a984a85358432e9f19212428364358,0,region,4,0
33a984a85358432e9f19212428364358,0,region,5,1
33a984a85358432e9f19212428364358,0,region,6,0
33a984a85358432e9f19212428364358,0,region,7,0
33a984a85358432e9f19212428364358,0,language,1,0
33a984a85358432e9f19212428364358,0,language,2,0
33a984a85358432e9f19212428364358,0,language,3,0
33a984a85358432e9f19212428364358,0,language,4,1
33a984a85358432e9f19212428364358,0,language,5,0
33a984a85358432e9f19212428364358,0,language,6,0
33a984a85358432e9f19212428364358,0,language,7,0
a8a067fe89ef4332bab44c56e264f570,0,age,1,0
a8a067fe89ef4332bab44c56e264f570,0,age,2,0
a8a067fe89ef4332bab44c56e264f570,0,age,3,0
a8a067fe89ef4332bab44c56e264f570,0,age,4,0
a8a067fe89ef4332bab44c56e264f570,0,age,5,0
a8a067fe89ef4332bab44c56e264f570,0,age,6,0
a8a067fe89ef4332bab44c56e264f570,0,age,7,1
a8a067fe89ef4332bab44c56e264f570,0,gender,1,0
a8a067fe89ef4332bab44c56e264f570,0,gender,2,0
a8a067fe89ef4332bab44c56e264f570,0,gender,3,0
a8a067fe89ef4332bab44c56e264f570,0,gender,4,0
a8a067fe89ef4332bab44c56e264f570,0,gender,5,0
a8a067fe89ef4332bab44c56e264f570,0,gender,6,1
a8a067fe89ef4332bab44c56e264f570,0,gender,7,0
a8a067fe89ef4332bab44c56e264f570,0,education,1,0
a8a067fe89ef4332bab44c56e264f570,0,education,2,0
a8a067fe89ef4332bab44c56e264f570,0,education,3,0
a8a067fe89ef4332bab44c56e264f570,0,education,4,0
a8a067fe89ef4332bab44c56e264f570,0,education,5,0
a8a067fe89ef4332bab44c56e264f570,0,education,6,1
a8a067fe89ef4332bab44c56e264f570,0,education,7,0
a8a067fe89ef4332bab44c56e264f570,0,background,1,0
a8a067fe89ef4332bab44c56e264f570,0,background,2,0
a8a067fe89ef4332bab44c56e264f570,0,background,3,0
a8a067fe89ef4332bab44c56e264f570,0,background,4,0
a8a067fe89ef4332bab44c56e264f570,0,background,5,0
a8a067fe89ef4332bab44c56e264f570,0,background,6,1
a8a067fe89ef4332bab44c56e264f570,0,background,7,0
a8a067fe89ef4332bab44c56e264f570,0,region,1,0
a8a067fe89ef4332bab44c56e264f570,0,region,2,0
a8a067fe89ef4332bab44c56e264f570,0,region,3,0
a8a067fe89ef4332bab44c56e264f570,0,region,4,0
a8a067fe89ef4332bab44c56e264f570,0,region,5,0
a8a067fe89ef4332bab44c56e264f570,0,region,6,1
a8a067fe89ef4332bab44c56e264f570,0,region,7,0
a8a067fe89ef4332bab44c56e264f570,0,language,1,0
a8a067fe89ef4332bab44c56e264f570,0,language,2,0
a8a067fe89ef4332bab44c56e264f570,0,language,3,0
a8a067fe89ef4332bab44c56e264f570,0,language,4,0
a8a067fe89ef4332bab44c56e264f570,0,language,5,0
a8a067fe89ef4332bab44c56e264f570,0,language,6,1
a8a067fe89ef4332bab44c56e264f570,0,language,7,0
c3b44fad904e45289689a25d6f6842ff,1,age,1,0
c3b44fad904e45289689a25d6f6842ff,1,age,2,0
c3b44fad904e45289689a25d6f6842ff,1,age,3,1
c3b44fad904e45289689a25d6f6842ff,1,age,4,0
c3b44fad904e45289689a25d6f6842ff,1,age,5,0
c3b44fad904e45289689a25d6f6842ff,1,age,6,0
c3b44fad904e45289689a25d6f6842ff,1,age,7,0
c3b44fad904e45289689a25d6f6842ff,1,gender,1,0
c3b44fad904e45289689a25d6f6842ff,1,gender,2,1
c3b44fad904e45289689a25d6f6842ff,1,gender,3,0
c3b44fad904e45289689a25d6f6842ff,1,gender,4,0
c3b44fad904e45289689a25d6f6842ff,1,gender,5,0
c3b44fad904e45289689a25d6f6842ff,1,gender,6,0
c3b44fad904e45289689a25d6f6842ff,1,gender,7,0
c3b44fad904e45289689a25d6f6842ff,1,education,1,0
c3b44fad904e45289689a25d6f6842ff,1,education,2,0
c3b44fad904e45289689a25d6f6842ff,1,education,3,0
c3b44fad904e45289689a25d6f6842ff,1,education,4,0
c3b44fad904e45289689a25d6f6842ff,1,education,5,0
c3b44fad904e45289689a25d6f6842ff,1,education,6,1
c3b44fad904e45289689a25d6f6842ff,1,education,7,0
c3b44fad904e45289689a25d6f6842ff,1,background,1,0
c3b44fad904e45289689a25d6f6842ff,1,background,2,0
c3b44fad904e45289689a25d6f6842ff,1,background,3,1
c3b44fad904e45289689a25d6f6842ff,1,background,4,0
c3b44fad904e45289689a25d6f6842ff,1,background,5,0
c3b44fad904e45289689a25d6f6842ff,1,background,6,0
c3b44fad904e45289689a25d6f6842ff,1,background,7,0
c3b44fad904e45289689a25d6f6842ff,1,region,1,1
c3b44fad904e45289689a25d6f6842ff,1,region,2,0
c3b44fad904e45289689a25d6f6842ff,1,region,3,0
c3b44fad904e45289689a25d6f6842ff,1,region,4,0
c3b44fad904e45289689a25d6f6842ff,1,region,5,0
c3b44fad904e45289689a25d6f6842ff,1,region,6,0
c3b44fad904e45289689a25d6f6842ff,1,region,7,0
c3b44fad904e45289689a25d6f6842ff,1,language,1,0
c3b44fad904e45289689a25d6f6842ff,1,language,2,0
c3b44fad904e45289689a25d6f6842ff,1,language,3,0
c3b44fad904e45289689a25d6f6842ff,1,language,4,0
c3b44fad904e45289689a25d6f6842ff,1,language,5,1
c3b44fad904e45289689a25d6f6842ff,1,language,6,0
c3b44fad904e45289689a25d6f6842ff,1,language,7,0
c7f1fff498844470b9264747df560c6e,0,age,1,0
c7f1fff498844470b9264747df560c6e,0,age,2,1
c7f1fff498844470b9264747df560c6e,0,age,3,0
c7f1fff498844470b9264747df560c6e,0,age,4,0
c7f1fff498844470b9264747df560c6e,0,age,5,0
c7f1fff498844470b9264747df560c6e,0,age,6,0
c7f1fff498844470b9264747df560c6e,0,age,7,0
c7f1fff498844470b9264747df560c6e,0,gender,1,0
c7f1fff498844470b9264747df560c6e,0,gender,2,1
c7f1fff498844470b9264747df560c6e,0,gender,3,0
c7f1fff498844470b9264747df560c6e,0,gender,4,0
c7f1fff498844470b9264747df560c6e,0,gender,5,0
c7f1fff498844470b9264747df560c6e,0,gender,6,0
c7f1fff498844470b9264747df560c6e,0,gender,7,0
c7f1fff498844470b9264747df560c6e,0,education,1,0
c7f1fff498844470b9264747df560c6e,0,education,2,0
c7f1fff498844470b9264747df560c6e,0,education,3,0
c7f1fff498844470b9264747df560c6e,0,education,4,0
c7f1fff498844470b9264747df560c6e,0,education,5,0
c7f1fff498844470b9264747df560c6e,0,education,6,1
c7f1fff498844470b9264747df560c6e,0,education,7,0
c7f1fff498844470b9264747df560c6e,0,background,1,0
c7f1fff498844470b9264747df560c6e,0,background,2,1
c7f1fff498844470b9264747df560c6e,0,background,3,0
c7f1fff498844470b9264747df560c6e,0,background,4,0
c7f1fff498844470b9264747df560c6e,0,background,5,0
c7f1fff498844470b9264747df560c6e,0,background,6,0
c7f1fff498844470b9264747df560c6e,0,background,7,0
c7f1fff498844470b9264747df560c6e,0,region,1,1
c7f1fff498844470b9264747df560c6e,0,region,2,0
c7f1fff498844470b9264747df560c6e,0,region,3,0
c7f1fff498844470b9264747df560c6e,0,region,4,0
c7f1fff498844470b9264747df560c6e,0,region,5,0
c7f1fff498844470b9264747df560c6e,0,region,6,0
c7f1fff498844470b9264747df560c6e,0,region,7,0
c7f1fff498844470b9264747df560c6e,0,language,1,0
c7f1fff498844470b9264747df560c6e,0,language,2,0
c7f1fff498844470b9264747df560c6e,0,language,3,0
c7f1fff498844470b9264747df560c6e,0,language,4,1
c7f1fff498844470b9264747df560c6e,0,language,5,0
c7f1fff498844470b9264747df560c6e,0,language,6,0
c7f1fff498844470b9264747df560c6e,0,language,7,0
404f3acd481e4d23bd810a88c949808e,0,age,1,0
404f3acd481e4d23bd810a88c949808e,0,age,2,0
404f3acd481e4d23bd810a88c949808e,0,age,3,0
404f3acd481e4d23bd810a88c949808e,0,age,4,0
404f3acd481e4d23bd810a88c949808e,0,age,5,0
404f3acd481e4d23bd810a88c949808e,0,age,6,0
404f3acd481e4d23bd810a88c949808e,0,age,7,1
404f3acd481e4d23bd810a88c949808e,0,gender,1,0
404f3acd481e4d23bd810a88c949808e,0,gender,2,1
404f3acd481e4d23bd810a88c949808e,0,gender,3,0
404f3acd481e4d23bd810a88c949808e,0,gender,4,0
404f3acd481e4d23bd810a88c949808e,0,gender,5,0
404f3acd481e4d23bd810a88c949808e,0,gender,6,0
404f3acd481e4d23bd810a88c949808e,0,gender,7,0
404f3acd481e4d23bd810a88c949808e,0,education,1,0
404f3acd481e4d23bd810a88c949808e,0,education,2,0
404f3acd481e4d23bd810a88c949808e,0,education,3,0
404f3acd481e4d23bd810a88c949808e,0,education,4,0
404f3acd481e4d23bd810a88c949808e,0,education,5,0
404f3acd481e4d23bd810a88c949808e,0,education,6,0
404f3acd481e4d23bd810a88c949808e,0,education,7,1
404f3acd481e4d23bd810a88c949808e,0,background,1,0
404f3acd481e4d23bd810a88c949808e,0,background,2,0
404f3acd481e4d23bd810a88c949808e,0,background,3,0
404f3acd481e4d23bd810a88c949808e,0,background,4,0
404f3acd481e4d23bd810a88c949808e,0,background,5,0
404f3acd481e4d23bd810a88c949808e,0,background,6,0
404f3acd481e4d23bd810a88c949808e,0,background,7,1
404f3acd481e4d23bd810a88c949808e,0,region,1,0
404f3acd481e4d23bd810a88c949808e,0,region,2,0
404f3acd481e4d23bd810a88c949808e,0,region,3,0
404f3acd481e4d23bd810a88c949808e,0,region,4,0
404f3acd481e4d23bd810a88c949808e,0,region,5,1
404f3acd481e4d23bd810a88c949808e,0,region,6,0
404f3acd481e4d23bd810a88c949808e,0,region,7,0
404f3acd481e4d23bd810a88c949808e,0,language,1,0
404f3acd481e4d23bd810a88c949808e,0,language,2,0
404f3acd481e4d23bd810a88c949808e,0,language,3,0
404f3acd481e4d23bd810a88c949808e,0,language,4,0
404f3acd481e4d23bd810a88c949808e,0,language,5,1
404f3acd481e4d23bd810a88c949808e,0,language,6,0
404f3acd481e4d23bd810a88c949808e,0,language,7,0
5f566114bf654915a639888969c3520e,1,age,1,0
5f566114bf654915a639888969c3520e,1,age,2,1
5f566114bf654915a639888969c3520e,1,age,3,0
5f566114bf654915a639888969c3520e,1,age,4,0
5f566114bf654915a639888969c3520e,1,age,5,0
5f566114bf654915a639888969c3520e,1,age,6,0
5f566114bf654915a639888969c3520e,1,age,7,0
5f566114bf654915a639888969c3520e,1,gender,1,1
5f566114bf654915a639888969c3520e,1,gender,2,0
5f566114bf654915a639888969c3520e,1,gender,3,0
5f566114bf654915a639888969c3520e,1,gender,4,0
5f566114bf654915a639888969c3520e,1,gender,5,0
5f566114bf654915a639888969c3520e,1,gender,6,0
5f566114bf654915a639888969c3520e,1,gender,7,0
5f566114bf654915a639888969c3520e,1,education,1,0
5f566114bf654915a639888969c3520e,1,education,2,0
5f566114bf654915a639888969c3520e,1,education,3,0
5f566114bf654915a639888969c3520e,1,education,4,0
5f566114bf654915a639888969c3520e,1,education,5,1
5f566114bf654915a639888969c3520e,1,education,6,0
5f566114bf654915a639888969c3520e,1,education,7,0
5f566114bf654915a639888969c3520e,1,background,1,0
5f566114bf654915a639888969c3520e,1,background,2,1
5f566114bf654915a639888969c3520e,1,background,3,0
5f566114bf654915a639888969c3520e,1,background,4,0
5f566114bf654915a639888969c3520e,1,background,5,0
5f566114bf654915a639888969c3520e,1,background,6,0
5f566114bf654915a639888969c3520e,1,background,7,0
5f566114bf654915a639888969c3520e,1,region,1,0
5f566114bf654915a639888969c3520e,1,region,2,0
5f566114bf654915a639888969c3520e,1,region,3,0
5f566114bf654915a639888969c3520e,1,region,4,0
5f566114bf654915a639888969c3520e,1,region,5,0
5f566114bf654915a639888969c3520e,1,region,6,0
5f566114bf654915a639888969c3520e,1,region,7,1
5f566114bf654915a639888969c3520e,1,language,1,0
5f566114bf654915a639888969c3520e,1,language,2,0
5f566114bf654915a639888969c3520e,1,language,3,0
5f566114bf654915a639888969c3520e,1,language,4,1
5f566114bf654915a639888969c3520e,1,language,5,0
5f566114bf654915a639888969c3520e,1,language,6,0
5f566114bf654915a639888969c3520e,1,language,7,0
8adf9b102aab44d3b3e44730b79f8aec,0,age,1,1
8adf9b102aab44d3b3e44730b79f8aec,0,age,2,0
8adf9b102aab44d3b3e44730b79f8aec,0,age,3,0
8adf9b102aab44d3b3e44730b79f8aec,0,age,4,0
8adf9b102aab44d3b3e44730b79f8aec,0,age,5,0
8adf9b102aab44d3b3e44730b79f8aec,0,age,6,0
8adf9b102aab44d3b3e44730b79f8aec,0,age,7,0
8adf9b102aab44d3b3e44730b79f8aec,0,gender,1,1
8adf9b102aab44d3b3e44730b79f8aec,0,gender,2,0
8adf9b102aab44d3b3e44730b79f8aec,0,gender,3,0
8adf9b102aab44d3b3e44730b79f8aec,0,gender,4,0
8adf9b102aab44d3b3e44730b79f8aec,0,gender,5,0
8adf9b102aab44d3b3e44730b79f8aec,0,gender,6,0
8adf9b102aab44d3b3e44730b79f8aec,0,gender,7,0
8adf9b102aab44d3b3e44730b79f8aec,0,education,1,0
8adf9b102aab44d3b3e44730b79f8aec,0,education,2,0
8adf9b102aab44d3b3e44730b79f8aec,0,education,3,0
8adf9b102aab44d3b3e44730b79f8aec,0,education,4,0
8adf9b102aab44d3b3e44730b79f8aec,0,education,5,1
8adf9b102aab44d3b3e44730b79f8aec,0,education,6,0
8adf9b102aab44d3b3e44730b79f8aec,0,education,7,0
8adf9b102aab44d3b3e44730b79f8aec,0,background,1,0
8adf9b102aab44d3b3e44730b79f8aec,0,background,2,0
8adf9b102aab44d3b3e44730b79f8aec,0,background,3,1
8adf9b102aab44d3b3e44730b79f8aec,0,background,4,0
8adf9b102aab44d3b3e44730b79f8aec,0,background,5,0
8adf9b102aab44d3b3e44730b79f8aec,0,background,6,0
8adf9b102aab44d3b3e44730b79f8aec,0,background,7,0
8adf9b102aab44d3b3e44730b79f8aec,0,region,1,1
8adf9b102aab44d3b3e44730b79f8aec,0,region,2,0
8adf9b102aab44d3b3e44730b79f8aec,0,region,3,0
8adf9b102aab44d3b3e44730b79f8aec,0,region,4,0
8adf9b102aab44d3b3e44730b79f8aec,0,region,5,0
8adf9b102aab44d3b3e44730b79f8aec,0,region,6,0
8adf9b102aab44d3b3e44730b79f8aec,0,region,7,0
8adf9b102aab44d3b3e44730b79f8aec,0,language,1,0
8adf9b102aab44d3b3e44730b79f8aec,0,language,2,0
8adf9b102aab44d3b3e44730b79f8aec,0,language,3,0
8adf9b102aab44d3b3e44730b79f8aec,0,language,4,1
8adf9b102aab44d3b3e44730b79f8aec,0,language,5,0
8adf9b102aab44d3b3e44730b79f8aec,0,language,6,0
8adf9b102aab44d3b3e44730b79f8aec,0,language,7,0
706f882d3a5743949cb46494091dd996,0,age,1,0
706f882d3a5743949cb46494091dd996,0,age,2,1
706f882d3a5743949cb46494091dd996,0,age,3,0
706f882d3a5743949cb46494091dd996,0,age,4,0
706f882d3a5743949cb46494091dd996,0,age,5,0
706f882d3a5743949cb46494091dd996,0,age,6,0
706f882d3a5743949cb46494091dd996,0,age,7,0
706f882d3a5743949cb46494091dd996,0,gender,1,0
706f882d3a5743949cb46494091dd996,0,gender,2,1
706f882d3a5743949cb46494091dd996,0,gender,3,0
706f882d3a5743949cb46494091dd996,0,gender,4,0
706f882d3a5743949cb46494091dd996,0,gender,5,0
706f882d3a5743949cb46494091dd996,0,gender,6,0
706f882d3a5743949cb46494091dd996,0,gender,7,0
706f882d3a5743949cb46494091dd996,0,education,1,0
706f882d3a5743949cb46494091dd996,0,education,2,0
706f882d3a5743949cb46494091dd996,0,education,3,0
706f882d3a5743949cb46494091dd996,0,education,4,0
706f882d3a5743949cb46494091dd996,0,education,5,1
706f882d3a5743949cb46494091dd996,0,education,6,0
706f882d3a5743949cb46494091dd996,0,education,7,0
706f882d3a5743949cb46494091dd996,0,background,1,1
706f882d3a5743949cb46494091dd996,0,background,2,0
706f882d3a5743949cb46494091dd996,0,background,3,0
706f882d3a5743949cb46494091dd996,0,background,4,0
706f882d3a5743949cb46494091dd996,0,background,5,0
706f882d3a5743949cb46494091dd996,0,background,6,0
706f882d3a5743949cb46494091dd996,0,background,7,0
706f882d3a5743949cb46494091dd996,0,region,1,1
706f882d3a5743949cb46494091dd996,0,region,2,0
706f882d3a5743949cb46494091dd996,0,region,3,0
706f882d3a5743949cb46494091dd996,0,region,4,0
706f882d3a5743949cb46494091dd996,0,region,5,0
706f882d3a5743949cb46494091dd996,0,region,6,0
706f882d3a5743949cb46494091dd996,0,region,7,0
706f882d3a5743949cb46494091dd996,0,language,1,0
706f882d3a5743949cb46494091dd996,0,language,2,0
706f882d3a5743949cb46494091dd996,0,language,3,0
706f882d3a5743949cb46494091dd996,0,language,4,0
706f882d3a5743949cb46494091dd996,0,language,5,1
706f882d3a5743949cb46494091dd996,0,language,6,0
706f882d3a5743949cb46494091dd996,0,language,7,0
5df8358b45b140f390a887664a033566,0,age,1,0
5df8358b45b140f390a887664a033566,0,age,2,1
5df8358b45b140f390a887664a033566,0,age,3,0
5df8358b45b140f390a887664a033566,0,age,4,0
5df8358b45b140f390a887664a033566,0,age,5,0
5df8358b45b140f390a887664a033566,0,age,6,0
5df8358b45b140f390a887664a033566,0,age,7,0
5df8358b45b140f390a887664a033566,0,gender,1,0
5df8358b45b140f390a887664a033566,0,gender,2,1
5df8358b45b140f390a887664a033566,0,gender,3,0
5df8358b45b140f390a887664a033566,0,gender,4,0
5df8358b45b140f390a887664a033566,0,gender,5,0
5df8358b45b140f390a887664a033566,0,gender,6,0
5df8358b45b140f390a887664a033566,0,gender,7,0
5df8358b45b140f390a887664a033566,0,education,1,0
5df8358b45b140f390a887664a033566,0,education,2,0
5df8358b45b140f390a887664a033566,0,education,3,0
5df8358b45b140f390a887664a033566,0,education,4,0
5df8358b45b140f390a887664a033566,0,education,5,0
5df8358b45b140f390a887664a033566,0,education,6,1
5df8358b45b140f390a887664a033566,0,education,7,0
5df8358b45b140f390a887664a033566,0,background,1,1
5df8358b45b140f390a887664a033566,0,background,2,0
5df8358b45b140f390a887664a033566,0,background,3,0
5df8358b45b140f390a887664a033566,0,background,4,0
5df8358b45b140f390a887664a033566,0,background,5,0
5df8358b45b140f390a887664a033566,0,background,6,0
5df8358b45b140f390a887664a033566,0,background,7,0
5df8358b45b140f390a887664a033566,0,region,1,1
5df8358b45b140f390a887664a033566,0,region,2,0
5df8358b45b140f390a887664a033566,0,region,3,0
5df8358b45b140f390a887664a033566,0,region,4,0
5df8358b45b140f390a887664a033566,0,region,5,0
5df8358b45b140f390a887664a033566,0,region,6,0
5df8358b45b140f390a887664a033566,0,region,7,0
5df8358b45b140f390a887664a033566,0,language,1,0
5df8358b45b140f390a887664a033566,0,language,2,0
5df8358b45b140f390a887664a033566,0,language,3,0
5df8358b45b140f390a887664a033566,0,language,4,0
5df8358b45b140f390a887664a033566,0,language,5,1
5df8358b45b140f390a887664a033566,0,language,6,0
5df8358b45b140f390a887664a033566,0,language,7,0
ff93de208dac4cbcb68509ca045a6a4a,0,age,1,0
ff93de208dac4cbcb68509ca045a6a4a,0,age,2,1
ff93de208dac4cbcb68509ca045a6a4a,0,age,3,0
ff93de208dac4cbcb68509ca045a6a4a,0,age,4,0
ff93de208dac4cbcb68509ca045a6a4a,0,age,5,0
ff93de208dac4cbcb68509ca045a6a4a,0,age,6,0
ff93de208dac4cbcb68509ca045a6a4a,0,age,7,0
ff93de208dac4cbcb68509ca045a6a4a,0,gender,1,0
ff93de208dac4cbcb68509ca045a6a4a,0,gender,2,1
ff93de208dac4cbcb68509ca045a6a4a,0,gender,3,0
ff93de208dac4cbcb68509ca045a6a4a,0,gender,4,0
ff93de208dac4cbcb68509ca045a6a4a,0,gender,5,0
ff93de208dac4cbcb68509ca045a6a4a,0,gender,6,0
ff93de208dac4cbcb68509ca045a6a4a,0,gender,7,0
ff93de208dac4cbcb68509ca045a6a4a,0,education,1,0
ff93de208dac4cbcb68509ca045a6a4a,0,education,2,0
ff93de208dac4cbcb68509ca045a6a4a,0,education,3,0
ff93de208dac4cbcb68509ca045a6a4a,0,education,4,0
ff93de208dac4cbcb68509ca045a6a4a,0,education,5,0
ff93de208dac4cbcb68509ca045a6a4a,0,education,6,1
ff93de208dac4cbcb68509ca045a6a4a,0,education,7,0
ff93de208dac4cbcb68509ca045a6a4a,0,background,1,1
ff93de208dac4cbcb68509ca045a6a4a,0,background,2,0
ff93de208dac4cbcb68509ca045a6a4a,0,background,3,0
ff93de208dac4cbcb68509ca045a6a4a,0,background,4,0
ff93de208dac4cbcb68509ca045a6a4a,0,background,5,0
ff93de208dac4cbcb68509ca045a6a4a,0,background,6,0
ff93de208dac4cbcb68509ca045a6a4a,0,background,7,0
ff93de208dac4cbcb68509ca045a6a4a,0,region,1,0
ff93de208dac4cbcb68509ca045a6a4a,0,region,2,0
ff93de208dac4cbcb68509ca045a6a4a,0,region,3,0
ff93de208dac4cbcb68509ca045a6a4a,0,region,4,0
ff93de208dac4cbcb68509ca045a6a4a,0,region,5,0
ff93de208dac4cbcb68509ca045a6a4a,0,region,6,0
ff93de208dac4cbcb68509ca045a6a4a,0,region,7,1
ff93de208dac4cbcb68509ca045a6a4a,0,language,1,0
ff93de208dac4cbcb68509ca045a6a4a,0,language,2,0
ff93de208dac4cbcb68509ca045a6a4a,0,language,3,0
ff93de208dac4cbcb68509ca045a6a4a,0,language,4,0
ff93de208dac4cbcb68509ca045a6a4a,0,language,5,1
ff93de208dac4cbcb68509ca045a6a4a,0,language,6,0
ff93de208dac4cbcb68509ca045a6a4a,0,language,7,0
bcdfd628f1a64a839ab3b25ec47700b3,0,age,1,0
bcdfd628f1a64a839ab3b25ec47700b3,0,age,2,0
bcdfd628f1a64a839ab3b25ec47700b3,0,age,3,0
bcdfd628f1a64a839ab3b25ec47700b3,0,age,4,0
bcdfd628f1a64a839ab3b25ec47700b3,0,age,5,0
bcdfd628f1a64a839ab3b25ec47700b3,0,age,6,0
bcdfd628f1a64a839ab3b25ec47700b3,0,age,7,1
bcdfd628f1a64a839ab3b25ec47700b3,0,gender,1,0
bcdfd628f1a64a839ab3b25ec47700b3,0,gender,2,0
bcdfd628f1a64a839ab3b25ec47700b3,0,gender,3,0
bcdfd628f1a64a839ab3b25ec47700b3,0,gender,4,0
bcdfd628f1a64a839ab3b25ec47700b3,0,gender,5,0
bcdfd628f1a64a839ab3b25ec47700b3,0,gender,6,0
bcdfd628f1a64a839ab3b25ec47700b3,0,gender,7,1
bcdfd628f1a64a839ab3b25ec47700b3,0,education,1,0
bcdfd628f1a64a839ab3b25ec47700b3,0,education,2,0
bcdfd628f1a64a839ab3b25ec47700b3,0,education,3,0
bcdfd628f1a64a839ab3b25ec47700b3,0,education,4,0
bcdfd628f1a64a839ab3b25ec47700b3,0,education,5,0
bcdfd628f1a64a839ab3b25ec47700b3,0,education,6,0
bcdfd628f1a64a839ab3b25ec47700b3,0,education,7,1
bcdfd628f1a64a839ab3b25ec47700b3,0,background,1,0
bcdfd628f1a64a839ab3b25ec47700b3,0,background,2,0
bcdfd628f1a64a839ab3b25ec47700b3,0,background,3,0
bcdfd628f1a64a839ab3b25ec47700b3,0,background,4,0
bcdfd628f1a64a839ab3b25ec47700b3,0,background,5,0
bcdfd628f1a64a839ab3b25ec47700b3,0,background,6,0
bcdfd628f1a64a839ab3b25ec47700b3,0,background,7,1
bcdfd628f1a64a839ab3b25ec47700b3,0,region,1,1
bcdfd628f1a64a839ab3b25ec47700b3,0,region,2,0
bcdfd628f1a64a839ab3b25ec47700b3,0,region,3,0
bcdfd628f1a64a839ab3b25ec47700b3,0,region,4,0
bcdfd628f1a64a839ab3b25ec47700b3,0,region,5,0
bcdfd628f1a64a839ab3b25ec47700b3,0,region,6,0
bcdfd628f1a64a839ab3b25ec47700b3,0,region,7,0
bcdfd628f1a64a839ab3b25ec47700b3,0,language,1,0
bcdfd628f1a64a839ab3b25ec47700b3,0,language,2,0
bcdfd628f1a64a839ab3b25ec47700b3,0,language,3,0
bcdfd628f1a64a839ab3b25ec47700b3,0,language,4,0
bcdfd628f1a64a839ab3b25ec47700b3,0,language,5,0
bcdfd628f1a64a839ab3b25ec47700b3,0,language,6,0
bcdfd628f1a64a839ab3b25ec47700b3,0,language,7,1
9f15acba527c4bf98e99b6348176c81f,0,age,1,0
9f15acba527c4bf98e99b6348176c81f,0,age,2,1
9f15acba527c4bf98e99b6348176c81f,0,age,3,0
9f15acba527c4bf98e99b6348176c81f,0,age,4,0
9f15acba527c4bf98e99b6348176c81f,0,age,5,0
9f15acba527c4bf98e99b6348176c81f,0,age,6,0
9f15acba527c4bf98e99b6348176c81f,0,age,7,0
9f15acba527c4bf98e99b6348176c81f,0,gender,1,0
9f15acba527c4bf98e99b6348176c81f,0,gender,2,1
9f15acba527c4bf98e99b6348176c81f,0,gender,3,0
9f15acba527c4bf98e99b6348176c81f,0,gender,4,0
9f15acba527c4bf98e99b6348176c81f,0,gender,5,0
9f15acba527c4bf98e99b6348176c81f,0,gender,6,0
9f15acba527c4bf98e99b6348176c81f,0,gender,7,0
9f15acba527c4bf98e99b6348176c81f,0,education,1,0
9f15acba527c4bf98e99b6348176c81f,0,education,2,0
9f15acba527c4bf98e99b6348176c81f,0,education,3,0
9f15acba527c4bf98e99b6348176c81f,0,education,4,0
9f15acba527c4bf98e99b6348176c81f,0,education,5,1
9f15acba527c4bf98e99b6348176c81f,0,education,6,0
9f15acba527c4bf98e99b6348176c81f,0,education,7,0
9f15acba527c4bf98e99b6348176c81f,0,background,1,1
9f15acba527c4bf98e99b6348176c81f,0,background,2,0
9f15acba527c4bf98e99b6348176c81f,0,background,3,0
9f15acba527c4bf98e99b6348176c81f,0,background,4,0
9f15acba527c4bf98e99b6348176c81f,0,background,5,0
9f15acba527c4bf98e99b6348176c81f,0,background,6,0
9f15acba527c4bf98e99b6348176c81f,0,background,7,0
9f15acba527c4bf98e99b6348176c81f,0,region,1,1
9f15acba527c4bf98e99b6348176c81f,0,region,2,0
9f15acba527c4bf98e99b6348176c81f,0,region,3,0
9f15acba527c4bf98e99b6348176c81f,0,region,4,0
9f15acba527c4bf98e99b6348176c81f,0,region,5,0
9f15acba527c4bf98e99b6348176c81f,0,region,6,0
9f15acba527c4bf98e99b6348176c81f,0,region,7,0
9f15acba527c4bf98e99b6348176c81f,0,language,1,0
9f15acba527c4bf98e99b6348176c81f,0,language,2,0
9f15acba527c4bf98e99b6348176c81f,0,language,3,0
9f15acba527c4bf98e99b6348176c81f,0,language,4,0
9f15acba527c4bf98e99b6348176c81f,0,language,5,1
9f15acba527c4bf98e99b6348176c81f,0,language,6,0
9f15acba527c4bf98e99b6348176c81f,0,language,7,0
037b3c58ce1d4614b7bbc640eb48b44e,0,age,1,0
037b3c58ce1d4614b7bbc640eb48b44e,0,age,2,0
037b3c58ce1d4614b7bbc640eb48b44e,0,age,3,1
037b3c58ce1d4614b7bbc640eb48b44e,0,age,4,0
037b3c58ce1d4614b7bbc640eb48b44e,0,age,5,0
037b3c58ce1d4614b7bbc640eb48b44e,0,age,6,0
037b3c58ce1d4614b7bbc640eb48b44e,0,age,7,0
037b3c58ce1d4614b7bbc640eb48b44e,0,gender,1,1
037b3c58ce1d4614b7bbc640eb48b44e,0,gender,2,0
037b3c58ce1d4614b7bbc640eb48b44e,0,gender,3,0
037b3c58ce1d4614b7bbc640eb48b44e,0,gender,4,0
037b3c58ce1d4614b7bbc640eb48b44e,0,gender,5,0
037b3c58ce1d4614b7bbc640eb48b44e,0,gender,6,0
037b3c58ce1d4614b7bbc640eb48b44e,0,gender,7,0
037b3c58ce1d4614b7bbc640eb48b44e,0,education,1,0
037b3c58ce1d4614b7bbc640eb48b44e,0,education,2,0
037b3c58ce1d4614b7bbc640eb48b44e,0,education,3,0
037b3c58ce1d4614b7bbc640eb48b44e,0,education,4,1
037b3c58ce1d4614b7bbc640eb48b44e,0,education,5,0
037b3c58ce1d4614b7bbc640eb48b44e,0,education,6,0
037b3c58ce1d4614b7bbc640eb48b44e,0,education,7,0
037b3c58ce1d4614b7bbc640eb48b44e,0,background,1,1
037b3c58ce1d4614b7bbc640eb48b44e,0,background,2,0
037b3c58ce1d4614b7bbc640eb48b44e,0,background,3,0
037b3c58ce1d4614b7bbc640eb48b44e,0,background,4,0
037b3c58ce1d4614b7bbc640eb48b44e,0,background,5,0
037b3c58ce1d4614b7bbc640eb48b44e,0,background,6,0
037b3c58ce1d4614b7bbc640eb48b44e,0,background,7,0
037b3c58ce1d4614b7bbc640eb48b44e,0,region,1,1
037b3c58ce1d4614b7bbc640eb48b44e,0,region,2,0
037b3c58ce1d4614b7bbc640eb48b44e,0,region,3,0
037b3c58ce1d4614b7bbc640eb48b44e,0,region,4,0
037b3c58ce1d4614b7bbc640eb48b44e,0,region,5,0
037b3c58ce1d4614b7bbc640eb48b44e,0,region,6,0
037b3c58ce1d4614b7bbc640eb48b44e,0,region,7,0
037b3c58ce1d4614b7bbc640eb48b44e,0,language,1,0
037b3c58ce1d4614b7bbc640eb48b44e,0,language,2,0
037b3c58ce1d4614b7bbc640eb48b44e,0,language,3,1
037b3c58ce1d4614b7bbc640eb48b44e,0,language,4,0
037b3c58ce1d4614b7bbc640eb48b44e,0,language,5,0
037b3c58ce1d4614b7bbc640eb48b44e,0,language,6,0
037b3c58ce1d4614b7bbc640eb48b44e,0,language,7,0
eea5121c0f2a4f7ab839eabe36b261d0,1,age,1,0
eea5121c0f2a4f7ab839eabe36b261d0,1,age,2,1
eea5121c0f2a4f7ab839eabe36b261d0,1,age,3,0
eea5121c0f2a4f7ab839eabe36b261d0,1,age,4,0
eea5121c0f2a4f7ab839eabe36b261d0,1,age,5,0
eea5121c0f2a4f7ab839eabe36b261d0,1,age,6,0
eea5121c0f2a4f7ab839eabe36b261d0,1,age,7,0
eea5121c0f2a4f7ab839eabe36b261d0,1,gender,1,1
eea5121c0f2a4f7ab839eabe36b261d0,1,gender,2,0
eea5121c0f2a4f7ab839eabe36b261d0,1,gender,3,0
eea5121c0f2a4f7ab839eabe36b261d0,1,gender,4,0
eea5121c0f2a4f7ab839eabe36b261d0,1,gender,5,0
eea5121c0f2a4f7ab839eabe36b261d0,1,gender,6,0
eea5121c0f2a4f7ab839eabe36b261d0,1,gender,7,0
eea5121c0f2a4f7ab839eabe36b261d0,1,education,1,0
eea5121c0f2a4f7ab839eabe36b261d0,1,education,2,0
eea5121c0f2a4f7ab839eabe36b261d0,1,education,3,0
eea5121c0f2a4f7ab839eabe36b261d0,1,education,4,0
eea5121c0f2a4f7ab839eabe36b261d0,1,education,5,1
eea5121c0f2a4f7ab839eabe36b261d0,1,education,6,0
eea5121c0f2a4f7ab839eabe36b261d0,1,education,7,0
eea5121c0f2a4f7ab839eabe36b261d0,1,background,1,0
eea5121c0f2a4f7ab839eabe36b261d0,1,background,2,0
eea5121c0f2a4f7ab839eabe36b261d0,1,background,3,0
eea5121c0f2a4f7ab839eabe36b261d0,1,background,4,0
eea5121c0f2a4f7ab839eabe36b261d0,1,background,5,1
eea5121c0f2a4f7ab839eabe36b261d0,1,background,6,0
eea5121c0f2a4f7ab839eabe36b261d0,1,background,7,0
eea5121c0f2a4f7ab839eabe36b261d0,1,region,1,1
eea5121c0f2a4f7ab839eabe36b261d0,1,region,2,0
eea5121c0f2a4f7ab839eabe36b261d0,1,region,3,0
eea5121c0f2a4f7ab839eabe36b261d0,1,region,4,0
eea5121c0f2a4f7ab839eabe36b261d0,1,region,5,0
eea5121c0f2a4f7ab839eabe36b261d0,1,region,6,0
eea5121c0f2a4f7ab839eabe36b261d0,1,region,7,0
eea5121c0f2a4f7ab839eabe36b261d0,1,language,1,0
eea5121c0f2a4f7ab839eabe36b261d0,1,language,2,0
eea5121c0f2a4f7ab839eabe36b261d0,1,language,3,0
eea5121c0f2a4f7ab839eabe36b261d0,1,language,4,1
eea5121c0f2a4f7ab839eabe36b261d0,1,language,5,0
eea5121c0f2a4f7ab839eabe36b261d0,1,language,6,0
eea5121c0f2a4f7ab839eabe36b261d0,1,language,7,0
0e18bf6004e04c709a88b18d5cffa84b,1,age,1,0
0e18bf6004e04c709a88b18d5cffa84b,1,age,2,1
0e18bf6004e04c709a88b18d5cffa84b,1,age,3,0
0e18bf6004e04c709a88b18d5cffa84b,1,age,4,0
0e18bf6004e04c709a88b18d5cffa84b,1,age,5,0
0e18bf6004e04c709a88b18d5cffa84b,1,age,6,0
0e18bf6004e04c709a88b18d5cffa84b,1,age,7,0
0e18bf6004e04c709a88b18d5cffa84b,1,gender,1,1
0e18bf6004e04c709a88b18d5cffa84b,1,gender,2,0
0e18bf6004e04c709a88b18d5cffa84b,1,gender,3,0
0e18bf6004e04c709a88b18d5cffa84b,1,gender,4,0
0e18bf6004e04c709a88b18d5cffa84b,1,gender,5,0
0e18bf6004e04c709a88b18d5cffa84b,1,gender,6,0
0e18bf6004e04c709a88b18d5cffa84b,1,gender,7,0
0e18bf6004e04c709a88b18d5cffa84b,1,education,1,0
0e18bf6004e04c709a88b18d5cffa84b,1,education,2,0
0e18bf6004e04c709a88b18d5cffa84b,1,education,3,0
0e18bf6004e04c709a88b18d5cffa84b,1,education,4,0
0e18bf6004e04c709a88b18d5cffa84b,1,education,5,1
0e18bf6004e04c709a88b18d5cffa84b,1,education,6,0
0e18bf6004e04c709a88b18d5cffa84b,1,education,7,0
0e18bf6004e04c709a88b18d5cffa84b,1,background,1,0
0e18bf6004e04c709a88b18d5cffa84b,1,background,2,0
0e18bf6004e04c709a88b18d5cffa84b,1,background,3,0
0e18bf6004e04c709a88b18d5cffa84b,1,background,4,0
0e18bf6004e04c709a88b18d5cffa84b,1,background,5,0
0e18bf6004e04c709a88b18d5cffa84b,1,background,6,1
0e18bf6004e04c709a88b18d5cffa84b,1,background,7,0
0e18bf6004e04c709a88b18d5cffa84b,1,region,1,1
0e18bf6004e04c709a88b18d5cffa84b,1,region,2,0
0e18bf6004e04c709a88b18d5cffa84b,1,region,3,0
0e18bf6004e04c709a88b18d5cffa84b,1,region,4,0
0e18bf6004e04c709a88b18d5cffa84b,1,region,5,0
0e18bf6004e04c709a88b18d5cffa84b,1,region,6,0
0e18bf6004e04c709a88b18d5cffa84b,1,region,7,0
0e18bf6004e04c709a88b18d5cffa84b,1,language,1,0
0e18bf6004e04c709a88b18d5cffa84b,1,language,2,0
0e18bf6004e04c709a88b18d5cffa84b,1,language,3,0
0e18bf6004e04c709a88b18d5cffa84b,1,language,4,1
0e18bf6004e04c709a88b18d5cffa84b,1,language,5,0
0e18bf6004e04c709a88b18d5cffa84b,1,language,6,0
0e18bf6004e04c709a88b18d5cffa84b,1,language,7,0
b1c7c59521ba4b098a9bd8a852970cdf,0,age,1,0
b1c7c59521ba4b098a9bd8a852970cdf,0,age,2,1
b1c7c59521ba4b098a9bd8a852970cdf,0,age,3,0
b1c7c59521ba4b098a9bd8a852970cdf,0,age,4,0
b1c7c59521ba4b098a9bd8a852970cdf,0,age,5,0
b1c7c59521ba4b098a9bd8a852970cdf,0,age,6,0
b1c7c59521ba4b098a9bd8a852970cdf,0,age,7,0
b1c7c59521ba4b098a9bd8a852970cdf,0,gender,1,1
b1c7c59521ba4b098a9bd8a852970cdf,0,gender,2,0
b1c7c59521ba4b098a9bd8a852970cdf,0,gender,3,0
b1c7c59521ba4b098a9bd8a852970cdf,0,gender,4,0
b1c7c59521ba4b098a9bd8a852970cdf,0,gender,5,0
b1c7c59521ba4b098a9bd8a852970cdf,0,gender,6,0
b1c7c59521ba4b098a9bd8a852970cdf,0,gender,7,0
b1c7c59521ba4b098a9bd8a852970cdf,0,education,1,0
b1c7c59521ba4b098a9bd8a852970cdf,0,education,2,0
b1c7c59521ba4b098a9bd8a852970cdf,0,education,3,0
b1c7c59521ba4b098a9bd8a852970cdf,0,education,4,0
b1c7c59521ba4b098a9bd8a852970cdf,0,education,5,1
b1c7c59521ba4b098a9bd8a852970cdf,0,education,6,0
b1c7c59521ba4b098a9bd8a852970cdf,0,education,7,0
b1c7c59521ba4b098a9bd8a852970cdf,0,background,1,0
b1c7c59521ba4b098a9bd8a852970cdf,0,background,2,1
b1c7c59521ba4b098a9bd8a852970cdf,0,background,3,0
b1c7c59521ba4b098a9bd8a852970cdf,0,background,4,0
b1c7c59521ba4b098a9bd8a852970cdf,0,background,5,0
b1c7c59521ba4b098a9bd8a852970cdf,0,background,6,0
b1c7c59521ba4b098a9bd8a852970cdf,0,background,7,0
b1c7c59521ba4b098a9bd8a852970cdf,0,region,1,0
b1c7c59521ba4b098a9bd8a852970cdf,0,region,2,0
b1c7c59521ba4b098a9bd8a852970cdf,0,region,3,0
b1c7c59521ba4b098a9bd8a852970cdf,0,region,4,0
b1c7c59521ba4b098a9bd8a852970cdf,0,region,5,1
b1c7c59521ba4b098a9bd8a852970cdf,0,region,6,0
b1c7c59521ba4b098a9bd8a852970cdf,0,region,7,0
b1c7c59521ba4b098a9bd8a852970cdf,0,language,1,0
b1c7c59521ba4b098a9bd8a852970cdf,0,language,2,0
b1c7c59521ba4b098a9bd8a852970cdf,0,language,3,0
b1c7c59521ba4b098a9bd8a852970cdf,0,language,4,0
b1c7c59521ba4b098a9bd8a852970cdf,0,language,5,0
b1c7c59521ba4b098a9bd8a852970cdf,0,language,6,0
b1c7c59521ba4b098a9bd8a852970cdf,0,language,7,1
5e9bd4cb7c2a4999a7a58b59e1f5cdb5,0,age,1,0
5e9bd4cb7c2a4999a7a58b59e1f5cdb5,0,age,2,1
5e9bd4cb7c2a4999a7a58b59e1f5cdb5,0,age,3,0
5e9bd4cb7c2a4999a7a58b59e1f5cdb5,0,age,4,0
5e9bd4cb7c2a4999a7a58b59e1f5cdb5,0,age,5,0
5e9bd4cb7c2a4999a7a58b59e1f5cdb5,0,age,6,0
5e9bd4cb7c2a4999a7a58b59e1f5cdb5,0,age,7,0
5e9bd4cb7c2a4999a7a58b59e1f5cdb5,0,gender,1,0
5e9bd4cb7c2a4999a7a58b59e1f5cdb5,0,gender,2,1
5e9bd4cb7c2a4999a7a58b59e1f5cdb5,0,gender,3,0
5e9bd4cb7c2a4999a7a58b59e1f5cdb5,0,gender,4,0
5e9bd4cb7c2a4999a7a58b59e1f5cdb5,0,gender,5,0
5e9bd4cb7c2a4999a7a58b59e1f5cdb5,0,gender,6,0
5e9bd4cb7c2a4999a7a58b59e1f5cdb5,0,gender,7,0
5e9bd4cb7c2a4999a7a58b59e1f5cdb5,0,education,1,0
5e9bd4cb7c2a4999a7a58b59e1f5cdb5,0,education,2,0
5e9bd4cb7c2a4999a7a58b59e1f5cdb5,0,education,3,0
5e9bd4cb7c2a4999a7a58b59e1f5cdb5,0,education,4,0
5e9bd4cb7c2a4999a7a58b59e1f5cdb5,0,education,5,0
5e9bd4cb7c2a4999a7a58b59e1f5cdb5,0,education,6,1
5e9bd4cb7c2a4999a7a58b59e1f5cdb5,0,education,7,0
5e9bd4cb7c2a4999a7a58b59e1f5cdb5,0,background,1,1
5e9bd4cb7c2a4999a7a58b59e1f5cdb5,0,background,2,0
5e9bd4cb7c2a4999a7a58b59e1f5cdb5,0,background,3,0
5e9bd4cb7c2a4999a7a58b59e1f5cdb5,0,background,4,0
5e9bd4cb7c2a4999a7a58b59e1f5cdb5,0,background,5,0
5e9bd4cb7c2a4999a7a58b59e1f5cdb5,0,background,6,0
5e9bd4cb7c2a4999a7a58b59e1f5cdb5,0,background,7,0
5e9bd4cb7c2a4999a7a58b59e1f5cdb5,0,region,1,1
5e9bd4cb7c2a4999a7a58b59e1f5cdb5,0,region,2,0
5e9bd4cb7c2a4999a7a58b59e1f5cdb5,0,region,3,0
5e9bd4cb7c2a4999a7a58b59e1f5cdb5,0,region,4,0
5e9bd4cb7c2a4999a7a58b59e1f5cdb5,0,region,5,0
5e9bd4cb7c2a4999a7a58b59e1f5cdb5,0,region,6,0
5e9bd4cb7c2a4999a7a58b59e1f5cdb5,0,region,7,0
5e9bd4cb7c2a4999a7a58b59e1f5cdb5,0,language,1,0
5e9bd4cb7c2a4999a7a58b59e1f5cdb5,0,language,2,0
5e9bd4cb7c2a4999a7a58b59e1f5cdb5,0,language,3,0
5e9bd4cb7c2a4999a7a58b59e1f5cdb5,0,language,4,0
5e9bd4cb7c2a4999a7a58b59e1f5cdb5,0,language,5,1
5e9bd4cb7c2a4999a7a58b59e1f5cdb5,0,language,6,0
5e9bd4cb7c2a4999a7a58b59e1f5cdb5,0,language,7,0
df379dc8494d4c77b3eacac63b242adc,1,age,1,0
df379dc8494d4c77b3eacac63b242adc,1,age,2,0
df379dc8494d4c77b3eacac63b242adc,1,age,3,1
df379dc8494d4c77b3eacac63b242adc,1,age,4,0
df379dc8494d4c77b3eacac63b242adc,1,age,5,0
df379dc8494d4c77b3eacac63b242adc,1,age,6,0
df379dc8494d4c77b3eacac63b242adc,1,age,7,0
df379dc8494d4c77b3eacac63b242adc,1,gender,1,0
df379dc8494d4c77b3eacac63b242adc,1,gender,2,1
df379dc8494d4c77b3eacac63b242adc,1,gender,3,0
df379dc8494d4c77b3eacac63b242adc,1,gender,4,0
df379dc8494d4c77b3eacac63b242adc,1,gender,5,0
df379dc8494d4c77b3eacac63b242adc,1,gender,6,0
df379dc8494d4c77b3eacac63b242adc,1,gender,7,0
df379dc8494d4c77b3eacac63b242adc,1,education,1,0
df379dc8494d4c77b3eacac63b242adc,1,education,2,0
df379dc8494d4c77b3eacac63b242adc,1,education,3,0
df379dc8494d4c77b3eacac63b242adc,1,education,4,0
df379dc8494d4c77b3eacac63b242adc,1,education,5,0
df379dc8494d4c77b3eacac63b242adc,1,education,6,1
df379dc8494d4c77b3eacac63b242adc,1,education,7,0
df379dc8494d4c77b3eacac63b242adc,1,background,1,1
df379dc8494d4c77b3eacac63b242adc,1,background,2,0
df379dc8494d4c77b3eacac63b242adc,1,background,3,0
df379dc8494d4c77b3eacac63b242adc,1,background,4,0
df379dc8494d4c77b3eacac63b242adc,1,background,5,0
df379dc8494d4c77b3eacac63b242adc,1,background,6,0
df379dc8494d4c77b3eacac63b242adc,1,background,7,0
df379dc8494d4c77b3eacac63b242adc,1,region,1,1
df379dc8494d4c77b3eacac63b242adc,1,region,2,0
df379dc8494d4c77b3eacac63b242adc,1,region,3,0
df379dc8494d4c77b3eacac63b242adc,1,region,4,0
df379dc8494d4c77b3eacac63b242adc,1,region,5,0
df379dc8494d4c77b3eacac63b242adc,1,region,6,0
df379dc8494d4c77b3eacac63b242adc,1,region,7,0
df379dc8494d4c77b3eacac63b242adc,1,language,1,0
df379dc8494d4c77b3eacac63b242adc,1,language,2,0
df379dc8494d4c77b3eacac63b242adc,1,language,3,0
df379dc8494d4c77b3eacac63b242adc,1,language,4,0
df379dc8494d4c77b3eacac63b242adc,1,language,5,0
df379dc8494d4c77b3eacac63b242adc,1,language,6,0
df379dc8494d4c77b3eacac63b242adc,1,language,7,1
e687336be1064313b93aff95a5094f99,0,age,1,0
e687336be1064313b93aff95a5094f99,0,age,2,1
e687336be1064313b93aff95a5094f99,0,age,3,0
e687336be1064313b93aff95a5094f99,0,age,4,0
e687336be1064313b93aff95a5094f99,0,age,5,0
e687336be1064313b93aff95a5094f99,0,age,6,0
e687336be1064313b93aff95a5094f99,0,age,7,0
e687336be1064313b93aff95a5094f99,0,gender,1,1
e687336be1064313b93aff95a5094f99,0,gender,2,0
e687336be1064313b93aff95a5094f99,0,gender,3,0
e687336be1064313b93aff95a5094f99,0,gender,4,0
e687336be1064313b93aff95a5094f99,0,gender,5,0
e687336be1064313b93aff95a5094f99,0,gender,6,0
e687336be1064313b93aff95a5094f99,0,gender,7,0
e687336be1064313b93aff95a5094f99,0,education,1,0
e687336be1064313b93aff95a5094f99,0,education,2,0
e687336be1064313b93aff95a5094f99,0,education,3,0
e687336be1064313b93aff95a5094f99,0,education,4,0
e687336be1064313b93aff95a5094f99,0,education,5,1
e687336be1064313b93aff95a5094f99,0,education,6,0
e687336be1064313b93aff95a5094f99,0,education,7,0
e687336be1064313b93aff95a5094f99,0,background,1,1
e687336be1064313b93aff95a5094f99,0,background,2,0
e687336be1064313b93aff95a5094f99,0,background,3,0
e687336be1064313b93aff95a5094f99,0,background,4,0
e687336be1064313b93aff95a5094f99,0,background,5,0
e687336be1064313b93aff95a5094f99,0,background,6,0
e687336be1064313b93aff95a5094f99,0,background,7,0
e687336be1064313b93aff95a5094f99,0,region,1,1
e687336be1064313b93aff95a5094f99,0,region,2,0
e687336be1064313b93aff95a5094f99,0,region,3,0
e687336be1064313b93aff95a5094f99,0,region,4,0
e687336be1064313b93aff95a5094f99,0,region,5,0
e687336be1064313b93aff95a5094f99,0,region,6,0
e687336be1064313b93aff95a5094f99,0,region,7,0
e687336be1064313b93aff95a5094f99,0,language,1,0
e687336be1064313b93aff95a5094f99,0,language,2,0
e687336be1064313b93aff95a5094f99,0,language,3,0
e687336be1064313b93aff95a5094f99,0,language,4,0
e687336be1064313b93aff95a5094f99,0,language,5,1
e687336be1064313b93aff95a5094f99,0,language,6,0
e687336be1064313b93aff95a5094f99,0,language,7,0
