userId,group,itemNo,responseNo,checked
2aa3c24fbe2f4c46a3464c74ae6c6851,0,0,1,0
2aa3c24fbe2f4c46a3464c74ae6c6851,0,0,2,0
2aa3c24fbe2f4c46a3464c74ae6c6851,0,0,3,0
2aa3c24fbe2f4c46a3464c74ae6c6851,0,0,4,0
2aa3c24fbe2f4c46a3464c74ae6c6851,0,0,5,1
2aa3c24fbe2f4c46a3464c74ae6c6851,0,0,6,0
2aa3c24fbe2f4c46a3464c74ae6c6851,0,1,1,0
2aa3c24fbe2f4c46a3464c74ae6c6851,0,1,2,0
2aa3c24fbe2f4c46a3464c74ae6c6851,0,1,3,0
2aa3c24fbe2f4c46a3464c74ae6c6851,0,1,4,0
2aa3c24fbe2f4c46a3464c74ae6c6851,0,1,5,1
2aa3c24fbe2f4c46a3464c74ae6c6851,0,1,6,0
2aa3c24fbe2f4c46a3464c74ae6c6851,0,3,1,0
2aa3c24fbe2f4c46a3464c74ae6c6851,0,3,2,0
2aa3c24fbe2f4c46a3464c74ae6c6851,0,3,3,0
2aa3c24fbe2f4c46a3464c74ae6c6851,0,3,4,0
2aa3c24fbe2f4c46a3464c74ae6c6851,0,3,5,1
2aa3c24fbe2f4c46a3464c74ae6c6851,0,3,6,0
2aa3c24fbe2f4c46a3464c74ae6c6851,0,2,1,0
2aa3c24fbe2f4c46a3464c74ae6c6851,0,2,2,0
2aa3c24fbe2f4c46a3464c74ae6c6851,0,2,3,0
2aa3c24fbe2f4c46a3464c74ae6c6851,0,2,4,0
2aa3c24fbe2f4c46a3464c74ae6c6851,0,2,5,1
2aa3c24fbe2f4c46a3464c74ae6c6851,0,2,6,0
2aa3c24fbe2f4c46a3464c74ae6c6851,0,4,1,0
2aa3c24fbe2f4c46a3464c74ae6c6851,0,4,2,0
2aa3c24fbe2f4c46a3464c74ae6c6851,0,4,3,0
2aa3c24fbe2f4c46a3464c74ae6c6851,0,4,4,0
2aa3c24fbe2f4c46a3464c74ae6c6851,0,4,5,1
2aa3c24fbe2f4c46a3464c74ae6c6851,0,4,6,0
2aa3c24fbe2f4c46a3464c74ae6c6851,0,5,1,0
2aa3c24fbe2f4c46a3464c74ae6c6851,0,5,2,0
2aa3c24fbe2f4c46a3464c74ae6c6851,0,5,3,0
2aa3c24fbe2f4c46a3464c74ae6c6851,0,5,4,0
2aa3c24fbe2f4c46a3464c74ae6c6851,0,5,5,1
2aa3c24fbe2f4c46a3464c74ae6c6851,0,5,6,0
2aa3c24fbe2f4c46a3464c74ae6c6851,0,6,1,0
2aa3c24fbe2f4c46a3464c74ae6c6851,0,6,2,0
2aa3c24fbe2f4c46a3464c74ae6c6851,0,6,3,0
2aa3c24fbe2f4c46a3464c74ae6c6851,0,6,4,0
2aa3c24fbe2f4c46a3464c74ae6c6851,0,6,5,1
2aa3c24fbe2f4c46a3464c74ae6c6851,0,6,6,0
2aa3c24fbe2f4c46a3464c74ae6c6851,0,7,1,0
2aa3c24fbe2f4c46a3464c74ae6c6851,0,7,2,0
2aa3c24fbe2f4c46a3464c74ae6c6851,0,7,3,0
2aa3c24fbe2f4c46a3464c74ae6c6851,0,7,4,0
2aa3c24fbe2f4c46a3464c74ae6c6851,0,7,5,1
2aa3c24fbe2f4c46a3464c74ae6c6851,0,7,6,0
2aa3c24fbe2f4c46a3464c74ae6c6851,0,8,1,0
2aa3c24fbe2f4c46a3464c74ae6c6851,0,8,2,0
2aa3c24fbe2f4c46a3464c74ae6c6851,0,8,3,0
2aa3c24fbe2f4c46a3464c74ae6c6851,0,8,4,0
2aa3c24fbe2f4c46a3464c74ae6c6851,0,8,5,1
2aa3c24fbe2f4c46a3464c74ae6c6851,0,8,6,0
2aa3c24fbe2f4c46a3464c74ae6c6851,0,9,1,0
2aa3c24fbe2f4c46a3464c74ae6c6851,0,9,2,0
2aa3c24fbe2f4c46a3464c74ae6c6851,0,9,3,0
2aa3c24fbe2f4c46a3464c74ae6c6851,0,9,4,0
2aa3c24fbe2f4c46a3464c74ae6c6851,0,9,5,1
2aa3c24fbe2f4c46a3464c74ae6c6851,0,9,6,0
0e0a8bcaad18490caf25c936cf863f03,1,0,1,0
0e0a8bcaad18490caf25c936cf863f03,1,0,2,0
0e0a8bcaad18490caf25c936cf863f03,1,0,3,0
0e0a8bcaad18490caf25c936cf863f03,1,0,4,0
0e0a8bcaad18490caf25c936cf863f03,1,0,5,1
0e0a8bcaad18490caf25c936cf863f03,1,0,6,0
0e0a8bcaad18490caf25c936cf863f03,1,1,1,0
0e0a8bcaad18490caf25c936cf863f03,1,1,2,0
0e0a8bcaad18490caf25c936cf863f03,1,1,3,0
0e0a8bcaad18490caf25c936cf863f03,1,1,4,0
0e0a8bcaad18490caf25c936cf863f03,1,1,5,1
0e0a8bcaad18490caf25c936cf863f03,1,1,6,0
0e0a8bcaad18490caf25c936cf863f03,1,2,1,0
0e0a8bcaad18490caf25c936cf863f03,1,2,2,0
0e0a8bcaad18490caf25c936cf863f03,1,2,3,0
0e0a8bcaad18490caf25c936cf863f03,1,2,4,0
0e0a8bcaad18490caf25c936cf863f03,1,2,5,1
0e0a8bcaad18490caf25c936cf863f03,1,2,6,0
0e0a8bcaad18490caf25c936cf863f03,1,3,1,0
0e0a8bcaad18490caf25c936cf863f03,1,3,2,0
0e0a8bcaad18490caf25c936cf863f03,1,3,3,0
0e0a8bcaad18490caf25c936cf863f03,1,3,4,0
0e0a8bcaad18490caf25c936cf863f03,1,3,5,1
0e0a8bcaad18490caf25c936cf863f03,1,3,6,0
0e0a8bcaad18490caf25c936cf863f03,1,4,1,0
0e0a8bcaad18490caf25c936cf863f03,1,4,2,0
0e0a8bcaad18490caf25c936cf863f03,1,4,3,0
0e0a8bcaad18490caf25c936cf863f03,1,4,4,0
0e0a8bcaad18490caf25c936cf863f03,1,4,5,1
0e0a8bcaad18490caf25c936cf863f03,1,4,6,0
0e0a8bcaad18490caf25c936cf863f03,1,5,1,0
0e0a8bcaad18490caf25c936cf863f03,1,5,2,0
0e0a8bcaad18490caf25c936cf863f03,1,5,3,0
0e0a8bcaad18490caf25c936cf863f03,1,5,4,0
0e0a8bcaad18490caf25c936cf863f03,1,5,5,1
0e0a8bcaad18490caf25c936cf863f03,1,5,6,0
0e0a8bcaad18490caf25c936cf863f03,1,6,1,0
0e0a8bcaad18490caf25c936cf863f03,1,6,2,0
0e0a8bcaad18490caf25c936cf863f03,1,6,3,0
0e0a8bcaad18490caf25c936cf863f03,1,6,4,0
0e0a8bcaad18490caf25c936cf863f03,1,6,5,1
0e0a8bcaad18490caf25c936cf863f03,1,6,6,0
0e0a8bcaad18490caf25c936cf863f03,1,7,1,0
0e0a8bcaad18490caf25c936cf863f03,1,7,2,0
0e0a8bcaad18490caf25c936cf863f03,1,7,3,0
0e0a8bcaad18490caf25c936cf863f03,1,7,4,0
0e0a8bcaad18490caf25c936cf863f03,1,7,5,1
0e0a8bcaad18490caf25c936cf863f03,1,7,6,0
0e0a8bcaad18490caf25c936cf863f03,1,8,1,0
0e0a8bcaad18490caf25c936cf863f03,1,8,2,0
0e0a8bcaad18490caf25c936cf863f03,1,8,3,0
0e0a8bcaad18490caf25c936cf863f03,1,8,4,0
0e0a8bcaad18490caf25c936cf863f03,1,8,5,1
0e0a8bcaad18490caf25c936cf863f03,1,8,6,0
0e0a8bcaad18490caf25c936cf863f03,1,9,1,0
0e0a8bcaad18490caf25c936cf863f03,1,9,2,0
0e0a8bcaad18490caf25c936cf863f03,1,9,3,0
0e0a8bcaad18490caf25c936cf863f03,1,9,4,0
0e0a8bcaad18490caf25c936cf863f03,1,9,5,1
0e0a8bcaad18490caf25c936cf863f03,1,9,6,0
66c2e58e71b141e7bafab8f1b9364850,1,1,1,0
66c2e58e71b141e7bafab8f1b9364850,1,1,2,0
66c2e58e71b141e7bafab8f1b9364850,1,1,3,0
66c2e58e71b141e7bafab8f1b9364850,1,1,4,0
66c2e58e71b141e7bafab8f1b9364850,1,1,5,1
66c2e58e71b141e7bafab8f1b9364850,1,1,6,0
66c2e58e71b141e7bafab8f1b9364850,1,0,1,0
66c2e58e71b141e7bafab8f1b9364850,1,0,2,0
66c2e58e71b141e7bafab8f1b9364850,1,0,3,0
66c2e58e71b141e7bafab8f1b9364850,1,0,4,0
66c2e58e71b141e7bafab8f1b9364850,1,0,5,1
66c2e58e71b141e7bafab8f1b9364850,1,0,6,0
66c2e58e71b141e7bafab8f1b9364850,1,3,1,0
66c2e58e71b141e7bafab8f1b9364850,1,3,2,0
66c2e58e71b141e7bafab8f1b9364850,1,3,3,0
66c2e58e71b141e7bafab8f1b9364850,1,3,4,0
66c2e58e71b141e7bafab8f1b9364850,1,3,5,1
66c2e58e71b141e7bafab8f1b9364850,1,3,6,0
66c2e58e71b141e7bafab8f1b9364850,1,2,1,0
66c2e58e71b141e7bafab8f1b9364850,1,2,2,0
66c2e58e71b141e7bafab8f1b9364850,1,2,3,0
66c2e58e71b141e7bafab8f1b9364850,1,2,4,0
66c2e58e71b141e7bafab8f1b9364850,1,2,5,1
66c2e58e71b141e7bafab8f1b9364850,1,2,6,0
66c2e58e71b141e7bafab8f1b9364850,1,4,1,0
66c2e58e71b141e7bafab8f1b9364850,1,4,2,0
66c2e58e71b141e7bafab8f1b9364850,1,4,3,0
66c2e58e71b141e7bafab8f1b9364850,1,4,4,0
66c2e58e71b141e7bafab8f1b9364850,1,4,5,1
66c2e58e71b141e7bafab8f1b9364850,1,4,6,0
66c2e58e71b141e7bafab8f1b9364850,1,7,1,0
66c2e58e71b141e7bafab8f1b9364850,1,7,2,0
66c2e58e71b141e7bafab8f1b9364850,1,7,3,0
66c2e58e71b141e7bafab8f1b9364850,1,7,4,0
66c2e58e71b141e7bafab8f1b9364850,1,7,5,1
66c2e58e71b141e7bafab8f1b9364850,1,7,6,0
66c2e58e71b141e7bafab8f1b9364850,1,5,1,0
66c2e58e71b141e7bafab8f1b9364850,1,5,2,0
66c2e58e71b141e7bafab8f1b9364850,1,5,3,0
66c2e58e71b141e7bafab8f1b9364850,1,5,4,0
66c2e58e71b141e7bafab8f1b9364850,1,5,5,1
66c2e58e71b141e7bafab8f1b9364850,1,5,6,0
66c2e58e71b141e7bafab8f1b9364850,1,6,1,0
66c2e58e71b141e7bafab8f1b9364850,1,6,2,0
66c2e58e71b141e7bafab8f1b9364850,1,6,3,0
66c2e58e71b141e7bafab8f1b9364850,1,6,4,0
66c2e58e71b141e7bafab8f1b9364850,1,6,5,1
66c2e58e71b141e7bafab8f1b9364850,1,6,6,0
66c2e58e71b141e7bafab8f1b9364850,1,8,1,0
66c2e58e71b141e7bafab8f1b9364850,1,8,2,0
66c2e58e71b141e7bafab8f1b9364850,1,8,3,0
66c2e58e71b141e7bafab8f1b9364850,1,8,4,0
66c2e58e71b141e7bafab8f1b9364850,1,8,5,1
66c2e58e71b141e7bafab8f1b9364850,1,8,6,0
66c2e58e71b141e7bafab8f1b9364850,1,9,1,0
66c2e58e71b141e7bafab8f1b9364850,1,9,2,0
66c2e58e71b141e7bafab8f1b9364850,1,9,3,0
66c2e58e71b141e7bafab8f1b9364850,1,9,4,0
66c2e58e71b141e7bafab8f1b9364850,1,9,5,1
66c2e58e71b141e7bafab8f1b9364850,1,9,6,0
33a984a85358432e9f19212428364358,0,0,1,0
33a984a85358432e9f19212428364358,0,0,2,0
33a984a85358432e9f19212428364358,0,0,3,0
33a984a85358432e9f19212428364358,0,0,4,0
33a984a85358432e9f19212428364358,0,0,5,1
33a984a85358432e9f19212428364358,0,0,6,0
33a984a85358432e9f19212428364358,0,1,1,0
33a984a85358432e9f19212428364358,0,1,2,0
33a984a85358432e9f19212428364358,0,1,3,0
33a984a85358432e9f19212428364358,0,1,4,0
33a984a85358432e9f19212428364358,0,1,5,1
33a984a85358432e9f19212428364358,0,1,6,0
33a984a85358432e9f19212428364358,0,3,1,0
33a984a85358432e9f19212428364358,0,3,2,0
33a984a85358432e9f19212428364358,0,3,3,0
33a984a85358432e9f19212428364358,0,3,4,1
33a984a85358432e9f19212428364358,0,3,5,0
33a984a85358432e9f19212428364358,0,3,6,0
33a984a85358432e9f19212428364358,0,2,1,0
33a984a85358432e9f19212428364358,0,2,2,0
33a984a85358432e9f19212428364358,0,2,3,0
33a984a85358432e9f19212428364358,0,2,4,1
33a984a85358432e9f19212428364358,0,2,5,0
33a984a85358432e9f19212428364358,0,2,6,0
33a984a85358432e9f19212428364358,0,4,1,0
33a984a85358432e9f19212428364358,0,4,2,0
33a984a85358432e9f19212428364358,0,4,3,0
33a984a85358432e9f19212428364358,0,4,4,1
33a984a85358432e9f19212428364358,0,4,5,0
33a984a85358432e9f19212428364358,0,4,6,0
33a984a85358432e9f19212428364358,0,7,1,0
33a984a85358432e9f19212428364358,0,7,2,0
33a984a85358432e9f19212428364358,0,7,3,0
33a984a85358432e9f19212428364358,0,7,4,0
33a984a85358432e9f19212428364358,0,7,5,1
33a984a85358432e9f19212428364358,0,7,6,0
33a984a85358432e9f19212428364358,0,6,1,0
33a984a85358432e9f19212428364358,0,6,2,0
33a984a85358432e9f19212428364358,0,6,3,0
33a984a85358432e9f19212428364358,0,6,4,0
33a984a85358432e9f19212428364358,0,6,5,0
33a984a85358432e9f19212428364358,0,6,6,1
33a984a85358432e9f19212428364358,0,5,1,0
33a984a85358432e9f19212428364358,0,5,2,0
33a984a85358432e9f19212428364358,0,5,3,0
33a984a85358432e9f19212428364358,0,5,4,1
33a984a85358432e9f19212428364358,0,5,5,0
33a984a85358432e9f19212428364358,0,5,6,0
33a984a85358432e9f19212428364358,0,9,1,0
33a984a85358432e9f19212428364358,0,9,2,0
33a984a85358432e9f19212428364358,0,9,3,0
33a984a85358432e9f19212428364358,0,9,4,1
33a984a85358432e9f19212428364358,0,9,5,0
33a984a85358432e9f19212428364358,0,9,6,0
33a984a85358432e9f19212428364358,0,8,1,0
33a984a85358432e9f19212428364358,0,8,2,0
33a984a85358432e9f19212428364358,0,8,3,0
33a984a85358432e9f19212428364358,0,8,4,0
33a984a85358432e9f19212428364358,0,8,5,1
33a984a85358432e9f19212428364358,0,8,6,0
a8a067fe89ef4332bab44c56e264f570,0,0,1,0
a8a067fe89ef4332bab44c56e264f570,0,0,2,0
a8a067fe89ef4332bab44c56e264f570,0,0,3,0
a8a067fe89ef4332bab44c56e264f570,0,0,4,0
a8a067fe89ef4332bab44c56e264f570,0,0,5,1
a8a067fe89ef4332bab44c56e264f570,0,0,6,0
a8a067fe89ef4332bab44c56e264f570,0,1,1,0
a8a067fe89ef4332bab44c56e264f570,0,1,2,0
a8a067fe89ef4332bab44c56e264f570,0,1,3,0
a8a067fe89ef4332bab44c56e264f570,0,1,4,0
a8a067fe89ef4332bab44c56e264f570,0,1,5,1
a8a067fe89ef4332bab44c56e264f570,0,1,6,0
a8a067fe89ef4332bab44c56e264f570,0,2,1,0
a8a067fe89ef4332bab44c56e264f570,0,2,2,0
a8a067fe89ef4332bab44c56e264f570,0,2,3,0
a8a067fe89ef4332bab44c56e264f570,0,2,4,1
a8a067fe89ef4332bab44c56e264f570,0,2,5,0
a8a067fe89ef4332bab44c56e264f570,0,2,6,0
a8a067fe89ef4332bab44c56e264f570,0,3,1,0
a8a067fe89ef4332bab44c56e264f570,0,3,2,0
a8a067fe89ef4332bab44c56e264f570,0,3,3,0
a8a067fe89ef4332bab44c56e264f570,0,3,4,1
a8a067fe89ef4332bab44c56e264f570,0,3,5,0
a8a067fe89ef4332bab44c56e264f570,0,3,6,0
a8a067fe89ef4332bab44c56e264f570,0,4,1,0
a8a067fe89ef4332bab44c56e264f570,0,4,2,0
a8a067fe89ef4332bab44c56e264f570,0,4,3,0
a8a067fe89ef4332bab44c56e264f570,0,4,4,1
a8a067fe89ef4332bab44c56e264f570,0,4,5,0
a8a067fe89ef4332bab44c56e264f570,0,4,6,0
a8a067fe89ef4332bab44c56e264f570,0,5,1,0
a8a067fe89ef4332bab44c56e264f570,0,5,2,0
a8a067fe89ef4332bab44c56e264f570,0,5,3,0
a8a067fe89ef4332bab44c56e264f570,0,5,4,1
a8a067fe89ef4332bab44c56e264f570,0,5,5,0
a8a067fe89ef4332bab44c56e264f570,0,5,6,0
a8a067fe89ef4332bab44c56e264f570,0,6,1,0
a8a067fe89ef4332bab44c56e264f570,0,6,2,0
a8a067fe89ef4332bab44c56e264f570,0,6,3,0
a8a067fe89ef4332bab44c56e264f570,0,6,4,1
a8a067fe89ef4332bab44c56e264f570,0,6,5,0
a8a067fe89ef4332bab44c56e264f570,0,6,6,0
a8a067fe89ef4332bab44c56e264f570,0,7,1,0
a8a067fe89ef4332bab44c56e264f570,0,7,2,0
a8a067fe89ef4332bab44c56e264f570,0,7,3,0
a8a067fe89ef4332bab44c56e264f570,0,7,4,1
a8a067fe89ef4332bab44c56e264f570,0,7,5,0
a8a067fe89ef4332bab44c56e264f570,0,7,6,0
a8a067fe89ef4332bab44c56e264f570,0,8,1,0
a8a067fe89ef4332bab44c56e264f570,0,8,2,0
a8a067fe89ef4332bab44c56e264f570,0,8,3,0
a8a067fe89ef4332bab44c56e264f570,0,8,4,0
a8a067fe89ef4332bab44c56e264f570,0,8,5,1
a8a067fe89ef4332bab44c56e264f570,0,8,6,0
a8a067fe89ef4332bab44c56e264f570,0,9,1,0
a8a067fe89ef4332bab44c56e264f570,0,9,2,0
a8a067fe89ef4332bab44c56e264f570,0,9,3,0
a8a067fe89ef4332bab44c56e264f570,0,9,4,0
a8a067fe89ef4332bab44c56e264f570,0,9,5,1
a8a067fe89ef4332bab44c56e264f570,0,9,6,0
c3b44fad904e45289689a25d6f6842ff,1,0,1,0
c3b44fad904e45289689a25d6f6842ff,1,0,2,1
c3b44fad904e45289689a25d6f6842ff,1,0,3,0
c3b44fad904e45289689a25d6f6842ff,1,0,4,0
c3b44fad904e45289689a25d6f6842ff,1,0,5,1
c3b44fad904e45289689a25d6f6842ff,1,0,6,0
c3b44fad904e45289689a25d6f6842ff,1,1,1,0
c3b44fad904e45289689a25d6f6842ff,1,1,2,0
c3b44fad904e45289689a25d6f6842ff,1,1,3,0
c3b44fad904e45289689a25d6f6842ff,1,1,4,1
c3b44fad904e45289689a25d6f6842ff,1,1,5,0
c3b44fad904e45289689a25d6f6842ff,1,1,6,0
c3b44fad904e45289689a25d6f6842ff,1,2,1,0
c3b44fad904e45289689a25d6f6842ff,1,2,2,0
c3b44fad904e45289689a25d6f6842ff,1,2,3,0
c3b44fad904e45289689a25d6f6842ff,1,2,4,0
c3b44fad904e45289689a25d6f6842ff,1,2,5,1
c3b44fad904e45289689a25d6f6842ff,1,2,6,0
c3b44fad904e45289689a25d6f6842ff,1,3,1,0
c3b44fad904e45289689a25d6f6842ff,1,3,2,0
c3b44fad904e45289689a25d6f6842ff,1,3,3,0
c3b44fad904e45289689a25d6f6842ff,1,3,4,1
c3b44fad904e45289689a25d6f6842ff,1,3,5,0
c3b44fad904e45289689a25d6f6842ff,1,3,6,0
c3b44fad904e45289689a25d6f6842ff,1,4,1,0
c3b44fad904e45289689a25d6f6842ff,1,4,2,0
c3b44fad904e45289689a25d6f6842ff,1,4,3,0
c3b44fad904e45289689a25d6f6842ff,1,4,4,0
c3b44fad904e45289689a25d6f6842ff,1,4,5,1
c3b44fad904e45289689a25d6f6842ff,1,4,6,0
c3b44fad904e45289689a25d6f6842ff,1,5,1,0
c3b44fad904e45289689a25d6f6842ff,1,5,2,0
c3b44fad904e45289689a25d6f6842ff,1,5,3,0
c3b44fad904e45289689a25d6f6842ff,1,5,4,1
c3b44fad904e45289689a25d6f6842ff,1,5,5,0
c3b44fad904e45289689a25d6f6842ff,1,5,6,0
c3b44fad904e45289689a25d6f6842ff,1,6,1,0
c3b44fad904e45289689a25d6f6842ff,1,6,2,0
c3b44fad904e45289689a25d6f6842ff,1,6,3,0
c3b44fad904e45289689a25d6f6842ff,1,6,4,0
c3b44fad904e45289689a25d6f6842ff,1,6,5,0
c3b44fad904e45289689a25d6f6842ff,1,6,6,1
c3b44fad904e45289689a25d6f6842ff,1,7,1,0
c3b44fad904e45289689a25d6f6842ff,1,7,2,1
c3b44fad904e45289689a25d6f6842ff,1,7,3,0
c3b44fad904e45289689a25d6f6842ff,1,7,4,0
c3b44fad904e45289689a25d6f6842ff,1,7,5,0
c3b44fad904e45289689a25d6f6842ff,1,7,6,0
c3b44fad904e45289689a25d6f6842ff,1,8,1,0
c3b44fad904e45289689a25d6f6842ff,1,8,2,0
c3b44fad904e45289689a25d6f6842ff,1,8,3,0
c3b44fad904e45289689a25d6f6842ff,1,8,4,1
c3b44fad904e45289689a25d6f6842ff,1,8,5,0
c3b44fad904e45289689a25d6f6842ff,1,8,6,0
c3b44fad904e45289689a25d6f6842ff,1,9,1,0
c3b44fad904e45289689a25d6f6842ff,1,9,2,0
c3b44fad904e45289689a25d6f6842ff,1,9,3,0
c3b44fad904e45289689a25d6f6842ff,1,9,4,1
c3b44fad904e45289689a25d6f6842ff,1,9,5,0
c3b44fad904e45289689a25d6f6842ff,1,9,6,0
c7f1fff498844470b9264747df560c6e,0,1,1,0
c7f1fff498844470b9264747df560c6e,0,1,2,0
c7f1fff498844470b9264747df560c6e,0,1,3,0
c7f1fff498844470b9264747df560c6e,0,1,4,1
c7f1fff498844470b9264747df560c6e,0,1,5,0
c7f1fff498844470b9264747df560c6e,0,1,6,0
c7f1fff498844470b9264747df560c6e,0,0,1,0
c7f1fff498844470b9264747df560c6e,0,0,2,1
c7f1fff498844470b9264747df560c6e,0,0,3,0
c7f1fff498844470b9264747df560c6e,0,0,4,0
c7f1fff498844470b9264747df560c6e,0,0,5,1
c7f1fff498844470b9264747df560c6e,0,0,6,0
c7f1fff498844470b9264747df560c6e,0,3,1,0
c7f1fff498844470b9264747df560c6e,0,3,2,0
c7f1fff498844470b9264747df560c6e,0,3,3,0
c7f1fff498844470b9264747df560c6e,0,3,4,1
c7f1fff498844470b9264747df560c6e,0,3,5,0
c7f1fff498844470b9264747df560c6e,0,3,6,0
c7f1fff498844470b9264747df560c6e,0,2,1,0
c7f1fff498844470b9264747df560c6e,0,2,2,0
c7f1fff498844470b9264747df560c6e,0,2,3,0
c7f1fff498844470b9264747df560c6e,0,2,4,1
c7f1fff498844470b9264747df560c6e,0,2,5,0
c7f1fff498844470b9264747df560c6e,0,2,6,0
c7f1fff498844470b9264747df560c6e,0,4,1,0
c7f1fff498844470b9264747df560c6e,0,4,2,0
c7f1fff498844470b9264747df560c6e,0,4,3,0
c7f1fff498844470b9264747df560c6e,0,4,4,1
c7f1fff498844470b9264747df560c6e,0,4,5,0
c7f1fff498844470b9264747df560c6e,0,4,6,0
c7f1fff498844470b9264747df560c6e,0,6,1,0
c7f1fff498844470b9264747df560c6e,0,6,2,0
c7f1fff498844470b9264747df560c6e,0,6,3,0
c7f1fff498844470b9264747df560c6e,0,6,4,0
c7f1fff498844470b9264747df560c6e,0,6,5,0
c7f1fff498844470b9264747df560c6e,0,6,6,1
c7f1fff498844470b9264747df560c6e,0,5,1,0
c7f1fff498844470b9264747df560c6e,0,5,2,0
c7f1fff498844470b9264747df560c6e,0,5,3,0
c7f1fff498844470b9264747df560c6e,0,5,4,1
c7f1fff498844470b9264747df560c6e,0,5,5,0
c7f1fff498844470b9264747df560c6e,0,5,6,0
c7f1fff498844470b9264747df560c6e,0,7,1,0
c7f1fff498844470b9264747df560c6e,0,7,2,0
c7f1fff498844470b9264747df560c6e,0,7,3,1
c7f1fff498844470b9264747df560c6e,0,7,4,0
c7f1fff498844470b9264747df560c6e,0,7,5,0
c7f1fff498844470b9264747df560c6e,0,7,6,0
c7f1fff498844470b9264747df560c6e,0,8,1,0
c7f1fff498844470b9264747df560c6e,0,8,2,0
c7f1fff498844470b9264747df560c6e,0,8,3,0
c7f1fff498844470b9264747df560c6e,0,8,4,1
c7f1fff498844470b9264747df560c6e,0,8,5,0
c7f1fff498844470b9264747df560c6e,0,8,6,0
c7f1fff498844470b9264747df560c6e,0,9,1,0
c7f1fff498844470b9264747df560c6e,0,9,2,0
c7f1fff498844470b9264747df560c6e,0,9,3,0
c7f1fff498844470b9264747df560c6e,0,9,4,1
c7f1fff498844470b9264747df560c6e,0,9,5,0
c7f1fff498844470b9264747df560c6e,0,9,6,0
404f3acd481e4d23bd810a88c949808e,0,0,1,0
404f3acd481e4d23bd810a88c949808e,0,0,2,0
404f3acd481e4d23bd810a88c949808e,0,0,3,0
404f3acd481e4d23bd810a88c949808e,0,0,4,0
404f3acd481e4d23bd810a88c949808e,0,0,5,0
404f3acd481e4d23bd810a88c949808e,0,0,6,1
404f3acd481e4d23bd810a88c949808e,0,1,1,0
404f3acd481e4d23bd810a88c949808e,0,1,2,0
404f3acd481e4d23bd810a88c949808e,0,1,3,0
404f3acd481e4d23bd810a88c949808e,0,1,4,0
404f3acd481e4d23bd810a88c949808e,0,1,5,0
404f3acd481e4d23bd810a88c949808e,0,1,6,1
404f3acd481e4d23bd810a88c949808e,0,2,1,0
404f3acd481e4d23bd810a88c949808e,0,2,2,0
404f3acd481e4d23bd810a88c949808e,0,2,3,0
404f3acd481e4d23bd810a88c949808e,0,2,4,0
404f3acd481e4d23bd810a88c949808e,0,2,5,0
404f3acd481e4d23bd810a88c949808e,0,2,6,1
404f3acd481e4d23bd810a88c949808e,0,3,1,0
404f3acd481e4d23bd810a88c949808e,0,3,2,0
404f3acd481e4d23bd810a88c949808e,0,3,3,0
404f3acd481e4d23bd810a88c949808e,0,3,4,0
404f3acd481e4d23bd810a88c949808e,0,3,5,0
404f3acd481e4d23bd810a88c949808e,0,3,6,1
404f3acd481e4d23bd810a88c949808e,0,4,1,0
404f3acd481e4d23bd810a88c949808e,0,4,2,0
404f3acd481e4d23bd810a88c949808e,0,4,3,0
404f3acd481e4d23bd810a88c949808e,0,4,4,0
404f3acd481e4d23bd810a88c949808e,0,4,5,0
404f3acd481e4d23bd810a88c949808e,0,4,6,1
404f3acd481e4d23bd810a88c949808e,0,5,1,1
404f3acd481e4d23bd810a88c949808e,0,5,2,0
404f3acd481e4d23bd810a88c949808e,0,5,3,0
404f3acd481e4d23bd810a88c949808e,0,5,4,0
404f3acd481e4d23bd810a88c949808e,0,5,5,0
404f3acd481e4d23bd810a88c949808e,0,5,6,0
404f3acd481e4d23bd810a88c949808e,0,6,1,0
404f3acd481e4d23bd810a88c949808e,0,6,2,0
404f3acd481e4d23bd810a88c949808e,0,6,3,0
404f3acd481e4d23bd810a88c949808e,0,6,4,0
404f3acd481e4d23bd810a88c949808e,0,6,5,0
404f3acd481e4d23bd810a88c949808e,0,6,6,1
404f3acd481e4d23bd810a88c949808e,0,7,1,0
404f3acd481e4d23bd810a88c949808e,0,7,2,0
404f3acd481e4d23bd810a88c949808e,0,7,3,0
404f3acd481e4d23bd810a88c949808e,0,7,4,0
404f3acd481e4d23bd810a88c949808e,0,7,5,1
404f3acd481e4d23bd810a88c949808e,0,7,6,0
404f3acd481e4d23bd810a88c949808e,0,8,1,1
404f3acd481e4d23bd810a88c949808e,0,8,2,0
404f3acd481e4d23bd810a88c949808e,0,8,3,0
404f3acd481e4d23bd810a88c949808e,0,8,4,0
404f3acd481e4d23bd810a88c949808e,0,8,5,0
404f3acd481e4d23bd810a88c949808e,0,8,6,0
404f3acd481e4d23bd810a88c949808e,0,9,1,1
404f3acd481e4d23bd810a88c949808e,0,9,2,0
404f3acd481e4d23bd810a88c949808e,0,9,3,0
404f3acd481e4d23bd810a88c949808e,0,9,4,0
404f3acd481e4d23bd810a88c949808e,0,9,5,0
404f3acd481e4d23bd810a88c949808e,0,9,6,0
5f566114bf654915a639888969c3520e,1,0,1,0
5f566114bf654915a639888969c3520e,1,0,2,1
5f566114bf654915a639888969c3520e,1,0,3,0
5f566114bf654915a639888969c3520e,1,0,4,1
5f566114bf654915a639888969c3520e,1,0,5,1
5f566114bf654915a639888969c3520e,1,0,6,0
5f566114bf654915a639888969c3520e,1,1,1,1
5f566114bf654915a639888969c3520e,1,1,2,0
5f566114bf654915a639888969c3520e,1,1,3,1
5f566114bf654915a639888969c3520e,1,1,4,0
5f566114bf654915a639888969c3520e,1,1,5,0
5f566114bf654915a639888969c3520e,1,1,6,0
5f566114bf654915a639888969c3520e,1,2,1,0
5f566114bf654915a639888969c3520e,1,2,2,1
5f566114bf654915a639888969c3520e,1,2,3,0
5f566114bf654915a639888969c3520e,1,2,4,0
5f566114bf654915a639888969c3520e,1,2,5,0
5f566114bf654915a639888969c3520e,1,2,6,0
5f566114bf654915a639888969c3520e,1,3,1,0
5f566114bf654915a639888969c3520e,1,3,2,1
5f566114bf654915a639888969c3520e,1,3,3,0
5f566114bf654915a639888969c3520e,1,3,4,0
5f566114bf654915a639888969c3520e,1,3,5,0
5f566114bf654915a639888969c3520e,1,3,6,0
5f566114bf654915a639888969c3520e,1,4,1,0
5f566114bf654915a639888969c3520e,1,4,2,1
5f566114bf654915a639888969c3520e,1,4,3,0
5f566114bf654915a639888969c3520e,1,4,4,0
5f566114bf654915a639888969c3520e,1,4,5,0
5f566114bf654915a639888969c3520e,1,4,6,0
5f566114bf654915a639888969c3520e,1,7,1,0
5f566114bf654915a639888969c3520e,1,7,2,0
5f566114bf654915a639888969c3520e,1,7,3,0
5f566114bf654915a639888969c3520e,1,7,4,1
5f566114bf654915a639888969c3520e,1,7,5,0
5f566114bf654915a639888969c3520e,1,7,6,0
5f566114bf654915a639888969c3520e,1,5,1,0
5f566114bf654915a639888969c3520e,1,5,2,1
5f566114bf654915a639888969c3520e,1,5,3,0
5f566114bf654915a639888969c3520e,1,5,4,0
5f566114bf654915a639888969c3520e,1,5,5,0
5f566114bf654915a639888969c3520e,1,5,6,0
5f566114bf654915a639888969c3520e,1,6,1,0
5f566114bf654915a639888969c3520e,1,6,2,0
5f566114bf654915a639888969c3520e,1,6,3,0
5f566114bf654915a639888969c3520e,1,6,4,0
5f566114bf654915a639888969c3520e,1,6,5,0
5f566114bf654915a639888969c3520e,1,6,6,1
5f566114bf654915a639888969c3520e,1,8,1,0
5f566114bf654915a639888969c3520e,1,8,2,1
5f566114bf654915a639888969c3520e,1,8,3,0
5f566114bf654915a639888969c3520e,1,8,4,0
5f566114bf654915a639888969c3520e,1,8,5,0
5f566114bf654915a639888969c3520e,1,8,6,0
5f566114bf654915a639888969c3520e,1,9,1,0
5f566114bf654915a639888969c3520e,1,9,2,1
5f566114bf654915a639888969c3520e,1,9,3,0
5f566114bf654915a639888969c3520e,1,9,4,0
5f566114bf654915a639888969c3520e,1,9,5,0
5f566114bf654915a639888969c3520e,1,9,6,0
8adf9b102aab44d3b3e44730b79f8aec,0,1,1,0
8adf9b102aab44d3b3e44730b79f8aec,0,1,2,0
8adf9b102aab44d3b3e44730b79f8aec,0,1,3,0
8adf9b102aab44d3b3e44730b79f8aec,0,1,4,0
8adf9b102aab44d3b3e44730b79f8aec,0,1,5,1
8adf9b102aab44d3b3e44730b79f8aec,0,1,6,0
8adf9b102aab44d3b3e44730b79f8aec,0,0,1,1
8adf9b102aab44d3b3e44730b79f8aec,0,0,2,0
8adf9b102aab44d3b3e44730b79f8aec,0,0,3,1
8adf9b102aab44d3b3e44730b79f8aec,0,0,4,0
8adf9b102aab44d3b3e44730b79f8aec,0,0,5,0
8adf9b102aab44d3b3e44730b79f8aec,0,0,6,0
8adf9b102aab44d3b3e44730b79f8aec,0,2,1,0
8adf9b102aab44d3b3e44730b79f8aec,0,2,2,0
8adf9b102aab44d3b3e44730b79f8aec,0,2,3,0
8adf9b102aab44d3b3e44730b79f8aec,0,2,4,1
8adf9b102aab44d3b3e44730b79f8aec,0,2,5,0
8adf9b102aab44d3b3e44730b79f8aec,0,2,6,0
8adf9b102aab44d3b3e44730b79f8aec,0,3,1,0
8adf9b102aab44d3b3e44730b79f8aec,0,3,2,1
8adf9b102aab44d3b3e44730b79f8aec,0,3,3,0
8adf9b102aab44d3b3e44730b79f8aec,0,3,4,0
8adf9b102aab44d3b3e44730b79f8aec,0,3,5,0
8adf9b102aab44d3b3e44730b79f8aec,0,3,6,0
8adf9b102aab44d3b3e44730b79f8aec,0,4,1,0
8adf9b102aab44d3b3e44730b79f8aec,0,4,2,0
8adf9b102aab44d3b3e44730b79f8aec,0,4,3,1
8adf9b102aab44d3b3e44730b79f8aec,0,4,4,0
8adf9b102aab44d3b3e44730b79f8aec,0,4,5,0
8adf9b102aab44d3b3e44730b79f8aec,0,4,6,0
8adf9b102aab44d3b3e44730b79f8aec,0,6,1,0
8adf9b102aab44d3b3e44730b79f8aec,0,6,2,0
8adf9b102aab44d3b3e44730b79f8aec,0,6,3,0
8adf9b102aab44d3b3e44730b79f8aec,0,6,4,0
8adf9b102aab44d3b3e44730b79f8aec,0,6,5,0
8adf9b102aab44d3b3e44730b79f8aec,0,6,6,1
8adf9b102aab44d3b3e44730b79f8aec,0,7,1,0
8adf9b102aab44d3b3e44730b79f8aec,0,7,2,0
8adf9b102aab44d3b3e44730b79f8aec,0,7,3,0
8adf9b102aab44d3b3e44730b79f8aec,0,7,4,1
8adf9b102aab44d3b3e44730b79f8aec,0,7,5,0
8adf9b102aab44d3b3e44730b79f8aec,0,7,6,0
8adf9b102aab44d3b3e44730b79f8aec,0,5,1,0
8adf9b102aab44d3b3e44730b79f8aec,0,5,2,0
8adf9b102aab44d3b3e44730b79f8aec,0,5,3,0
8adf9b102aab44d3b3e44730b79f8aec,0,5,4,1
8adf9b102aab44d3b3e44730b79f8aec,0,5,5,0
8adf9b102aab44d3b3e44730b79f8aec,0,5,6,0
8adf9b102aab44d3b3e44730b79f8aec,0,8,1,0
8adf9b102aab44d3b3e44730b79f8aec,0,8,2,0
8adf9b102aab44d3b3e44730b79f8aec,0,8,3,0
8adf9b102aab44d3b3e44730b79f8aec,0,8,4,0
8adf9b102aab44d3b3e44730b79f8aec,0,8,5,1
8adf9b102aab44d3b3e44730b79f8aec,0,8,6,0
8adf9b102aab44d3b3e44730b79f8aec,0,9,1,0
8adf9b102aab44d3b3e44730b79f8aec,0,9,2,0
8adf9b102aab44d3b3e44730b79f8aec,0,9,3,0
8adf9b102aab44d3b3e44730b79f8aec,0,9,4,0
8adf9b102aab44d3b3e44730b79f8aec,0,9,5,1
8adf9b102aab44d3b3e44730b79f8aec,0,9,6,0
706f882d3a5743949cb46494091dd996,0,0,1,1
706f882d3a5743949cb46494091dd996,0,0,2,1
706f882d3a5743949cb46494091dd996,0,0,3,0
706f882d3a5743949cb46494091dd996,0,0,4,0
706f882d3a5743949cb46494091dd996,0,0,5,0
706f882d3a5743949cb46494091dd996,0,0,6,0
706f882d3a5743949cb46494091dd996,0,1,1,0
706f882d3a5743949cb46494091dd996,0,1,2,0
706f882d3a5743949cb46494091dd996,0,1,3,1
706f882d3a5743949cb46494091dd996,0,1,4,1
706f882d3a5743949cb46494091dd996,0,1,5,0
706f882d3a5743949cb46494091dd996,0,1,6,0
706f882d3a5743949cb46494091dd996,0,2,1,0
706f882d3a5743949cb46494091dd996,0,2,2,1
706f882d3a5743949cb46494091dd996,0,2,3,0
706f882d3a5743949cb46494091dd996,0,2,4,0
706f882d3a5743949cb46494091dd996,0,2,5,0
706f882d3a5743949cb46494091dd996,0,2,6,0
706f882d3a5743949cb46494091dd996,0,3,1,0
706f882d3a5743949cb46494091dd996,0,3,2,1
706f882d3a5743949cb46494091dd996,0,3,3,0
706f882d3a5743949cb46494091dd996,0,3,4,0
706f882d3a5743949cb46494091dd996,0,3,5,0
706f882d3a5743949cb46494091dd996,0,3,6,0
706f882d3a5743949cb46494091dd996,0,4,1,0
706f882d3a5743949cb46494091dd996,0,4,2,1
706f882d3a5743949cb46494091dd996,0,4,3,0
706f882d3a5743949cb46494091dd996,0,4,4,0
706f882d3a5743949cb46494091dd996,0,4,5,0
706f882d3a5743949cb46494091dd996,0,4,6,0
706f882d3a5743949cb46494091dd996,0,5,1,0
706f882d3a5743949cb46494091dd996,0,5,2,1
706f882d3a5743949cb46494091dd996,0,5,3,0
706f882d3a5743949cb46494091dd996,0,5,4,0
706f882d3a5743949cb46494091dd996,0,5,5,0
706f882d3a5743949cb46494091dd996,0,5,6,0
706f882d3a5743949cb46494091dd996,0,6,1,0
706f882d3a5743949cb46494091dd996,0,6,2,0
706f882d3a5743949cb46494091dd996,0,6,3,0
706f882d3a5743949cb46494091dd996,0,6,4,0
706f882d3a5743949cb46494091dd996,0,6,5,0
706f882d3a5743949cb46494091dd996,0,6,6,1
706f882d3a5743949cb46494091dd996,0,7,1,0
706f882d3a5743949cb46494091dd996,0,7,2,0
706f882d3a5743949cb46494091dd996,0,7,3,0
706f882d3a5743949cb46494091dd996,0,7,4,1
706f882d3a5743949cb46494091dd996,0,7,5,0
706f882d3a5743949cb46494091dd996,0,7,6,0
706f882d3a5743949cb46494091dd996,0,8,1,0
706f882d3a5743949cb46494091dd996,0,8,2,0
706f882d3a5743949cb46494091dd996,0,8,3,1
706f882d3a5743949cb46494091dd996,0,8,4,0
706f882d3a5743949cb46494091dd996,0,8,5,0
706f882d3a5743949cb46494091dd996,0,8,6,0
706f882d3a5743949cb46494091dd996,0,9,1,0
706f882d3a5743949cb46494091dd996,0,9,2,1
706f882d3a5743949cb46494091dd996,0,9,3,0
706f882d3a5743949cb46494091dd996,0,9,4,0
706f882d3a5743949cb46494091dd996,0,9,5,0
706f882d3a5743949cb46494091dd996,0,9,6,0
5df8358b45b140f390a887664a033566,0,0,1,0
5df8358b45b140f390a887664a033566,0,0,2,0
5df8358b45b140f390a887664a033566,0,0,3,0
5df8358b45b140f390a887664a033566,0,0,4,0
5df8358b45b140f390a887664a033566,0,0,5,0
5df8358b45b140f390a887664a033566,0,0,6,1
5df8358b45b140f390a887664a033566,0,1,1,0
5df8358b45b140f390a887664a033566,0,1,2,0
5df8358b45b140f390a887664a033566,0,1,3,0
5df8358b45b140f390a887664a033566,0,1,4,0
5df8358b45b140f390a887664a033566,0,1,5,0
5df8358b45b140f390a887664a033566,0,1,6,1
5df8358b45b140f390a887664a033566,0,2,1,0
5df8358b45b140f390a887664a033566,0,2,2,0
5df8358b45b140f390a887664a033566,0,2,3,0
5df8358b45b140f390a887664a033566,0,2,4,1
5df8358b45b140f390a887664a033566,0,2,5,0
5df8358b45b140f390a887664a033566,0,2,6,0
5df8358b45b140f390a887664a033566,0,3,1,0
5df8358b45b140f390a887664a033566,0,3,2,0
5df8358b45b140f390a887664a033566,0,3,3,0
5df8358b45b140f390a887664a033566,0,3,4,1
5df8358b45b140f390a887664a033566,0,3,5,0
5df8358b45b140f390a887664a033566,0,3,6,0
5df8358b45b140f390a887664a033566,0,4,1,0
5df8358b45b140f390a887664a033566,0,4,2,0
5df8358b45b140f390a887664a033566,0,4,3,0
5df8358b45b140f390a887664a033566,0,4,4,1
5df8358b45b140f390a887664a033566,0,4,5,0
5df8358b45b140f390a887664a033566,0,4,6,0
5df8358b45b140f390a887664a033566,0,5,1,0
5df8358b45b140f390a887664a033566,0,5,2,0
5df8358b45b140f390a887664a033566,0,5,3,0
5df8358b45b140f390a887664a033566,0,5,4,1
5df8358b45b140f390a887664a033566,0,5,5,0
5df8358b45b140f390a887664a033566,0,5,6,0
5df8358b45b140f390a887664a033566,0,6,1,0
5df8358b45b140f390a887664a033566,0,6,2,0
5df8358b45b140f390a887664a033566,0,6,3,0
5df8358b45b140f390a887664a033566,0,6,4,0
5df8358b45b140f390a887664a033566,0,6,5,1
5df8358b45b140f390a887664a033566,0,6,6,0
5df8358b45b140f390a887664a033566,0,7,1,0
5df8358b45b140f390a887664a033566,0,7,2,0
5df8358b45b140f390a887664a033566,0,7,3,1
5df8358b45b140f390a887664a033566,0,7,4,0
5df8358b45b140f390a887664a033566,0,7,5,0
5df8358b45b140f390a887664a033566,0,7,6,0
5df8358b45b140f390a887664a033566,0,8,1,0
5df8358b45b140f390a887664a033566,0,8,2,0
5df8358b45b140f390a887664a033566,0,8,3,0
5df8358b45b140f390a887664a033566,0,8,4,0
5df8358b45b140f390a887664a033566,0,8,5,1
5df8358b45b140f390a887664a033566,0,8,6,0
5df8358b45b140f390a887664a033566,0,9,1,0
5df8358b45b140f390a887664a033566,0,9,2,1
5df8358b45b140f390a887664a033566,0,9,3,0
5df8358b45b140f390a887664a033566,0,9,4,0
5df8358b45b140f390a887664a033566,0,9,5,0
5df8358b45b140f390a887664a033566,0,9,6,0
ff93de208dac4cbcb68509ca045a6a4a,0,0,1,0
ff93de208dac4cbcb68509ca045a6a4a,0,0,2,1
ff93de208dac4cbcb68509ca045a6a4a,0,0,3,0
ff93de208dac4cbcb68509ca045a6a4a,0,0,4,1
ff93de208dac4cbcb68509ca045a6a4a,0,0,5,1
ff93de208dac4cbcb68509ca045a6a4a,0,0,6,0
ff93de208dac4cbcb68509ca045a6a4a,0,1,1,1
ff93de208dac4cbcb68509ca045a6a4a,0,1,2,0
ff93de208dac4cbcb68509ca045a6a4a,0,1,3,1
ff93de208dac4cbcb68509ca045a6a4a,0,1,4,0
ff93de208dac4cbcb68509ca045a6a4a,0,1,5,0
ff93de208dac4cbcb68509ca045a6a4a,0,1,6,0
ff93de208dac4cbcb68509ca045a6a4a,0,2,1,0
ff93de208dac4cbcb68509ca045a6a4a,0,2,2,0
ff93de208dac4cbcb68509ca045a6a4a,0,2,3,0
ff93de208dac4cbcb68509ca045a6a4a,0,2,4,1
ff93de208dac4cbcb68509ca045a6a4a,0,2,5,0
ff93de208dac4cbcb68509ca045a6a4a,0,2,6,0
ff93de208dac4cbcb68509ca045a6a4a,0,3,1,0
ff93de208dac4cbcb68509ca045a6a4a,0,3,2,0
ff93de208dac4cbcb68509ca045a6a4a,0,3,3,0
ff93de208dac4cbcb68509ca045a6a4a,0,3,4,1
ff93de208dac4cbcb68509ca045a6a4a,0,3,5,0
ff93de208dac4cbcb68509ca045a6a4a,0,3,6,0
ff93de208dac4cbcb68509ca045a6a4a,0,4,1,0
ff93de208dac4cbcb68509ca045a6a4a,0,4,2,0
ff93de208dac4cbcb68509ca045a6a4a,0,4,3,0
ff93de208dac4cbcb68509ca045a6a4a,0,4,4,1
ff93de208dac4cbcb68509ca045a6a4a,0,4,5,0
ff93de208dac4cbcb68509ca045a6a4a,0,4,6,0
ff93de208dac4cbcb68509ca045a6a4a,0,5,1,0
ff93de208dac4cbcb68509ca045a6a4a,0,5,2,0
ff93de208dac4cbcb68509ca045a6a4a,0,5,3,0
ff93de208dac4cbcb68509ca045a6a4a,0,5,4,1
ff93de208dac4cbcb68509ca045a6a4a,0,5,5,0
ff93de208dac4cbcb68509ca045a6a4a,0,5,6,0
ff93de208dac4cbcb68509ca045a6a4a,0,6,1,0
ff93de208dac4cbcb68509ca045a6a4a,0,6,2,0
ff93de208dac4cbcb68509ca045a6a4a,0,6,3,0
ff93de208dac4cbcb68509ca045a6a4a,0,6,4,0
ff93de208dac4cbcb68509ca045a6a4a,0,6,5,1
ff93de208dac4cbcb68509ca045a6a4a,0,6,6,0
ff93de208dac4cbcb68509ca045a6a4a,0,7,1,0
ff93de208dac4cbcb68509ca045a6a4a,0,7,2,0
ff93de208dac4cbcb68509ca045a6a4a,0,7,3,1
ff93de208dac4cbcb68509ca045a6a4a,0,7,4,0
ff93de208dac4cbcb68509ca045a6a4a,0,7,5,0
ff93de208dac4cbcb68509ca045a6a4a,0,7,6,0
ff93de208dac4cbcb68509ca045a6a4a,0,8,1,0
ff93de208dac4cbcb68509ca045a6a4a,0,8,2,0
ff93de208dac4cbcb68509ca045a6a4a,0,8,3,0
ff93de208dac4cbcb68509ca045a6a4a,0,8,4,0
ff93de208dac4cbcb68509ca045a6a4a,0,8,5,1
ff93de208dac4cbcb68509ca045a6a4a,0,8,6,0
ff93de208dac4cbcb68509ca045a6a4a,0,9,1,0
ff93de208dac4cbcb68509ca045a6a4a,0,9,2,1
ff93de208dac4cbcb68509ca045a6a4a,0,9,3,0
ff93de208dac4cbcb68509ca045a6a4a,0,9,4,0
ff93de208dac4cbcb68509ca045a6a4a,0,9,5,0
ff93de208dac4cbcb68509ca045a6a4a,0,9,6,0
bcdfd628f1a64a839ab3b25ec47700b3,0,0,1,0
bcdfd628f1a64a839ab3b25ec47700b3,0,0,2,1
bcdfd628f1a64a839ab3b25ec47700b3,0,0,3,0
bcdfd628f1a64a839ab3b25ec47700b3,0,0,4,1
bcdfd628f1a64a839ab3b25ec47700b3,0,0,5,1
bcdfd628f1a64a839ab3b25ec47700b3,0,0,6,0
bcdfd628f1a64a839ab3b25ec47700b3,0,1,1,1
bcdfd628f1a64a839ab3b25ec47700b3,0,1,2,0
bcdfd628f1a64a839ab3b25ec47700b3,0,1,3,1
bcdfd628f1a64a839ab3b25ec47700b3,0,1,4,0
bcdfd628f1a64a839ab3b25ec47700b3,0,1,5,0
bcdfd628f1a64a839ab3b25ec47700b3,0,1,6,0
9f15acba527c4bf98e99b6348176c81f,0,1,1,0
9f15acba527c4bf98e99b6348176c81f,0,1,2,0
9f15acba527c4bf98e99b6348176c81f,0,1,3,0
9f15acba527c4bf98e99b6348176c81f,0,1,4,0
9f15acba527c4bf98e99b6348176c81f,0,1,5,0
9f15acba527c4bf98e99b6348176c81f,0,1,6,1
9f15acba527c4bf98e99b6348176c81f,0,0,1,0
9f15acba527c4bf98e99b6348176c81f,0,0,2,1
9f15acba527c4bf98e99b6348176c81f,0,0,3,0
9f15acba527c4bf98e99b6348176c81f,0,0,4,1
9f15acba527c4bf98e99b6348176c81f,0,0,5,1
9f15acba527c4bf98e99b6348176c81f,0,0,6,0
bcdfd628f1a64a839ab3b25ec47700b3,0,2,1,1
bcdfd628f1a64a839ab3b25ec47700b3,0,2,2,0
bcdfd628f1a64a839ab3b25ec47700b3,0,2,3,0
bcdfd628f1a64a839ab3b25ec47700b3,0,2,4,0
bcdfd628f1a64a839ab3b25ec47700b3,0,2,5,0
bcdfd628f1a64a839ab3b25ec47700b3,0,2,6,0
bcdfd628f1a64a839ab3b25ec47700b3,0,3,1,1
bcdfd628f1a64a839ab3b25ec47700b3,0,3,2,0
bcdfd628f1a64a839ab3b25ec47700b3,0,3,3,0
bcdfd628f1a64a839ab3b25ec47700b3,0,3,4,0
bcdfd628f1a64a839ab3b25ec47700b3,0,3,5,0
bcdfd628f1a64a839ab3b25ec47700b3,0,3,6,0
bcdfd628f1a64a839ab3b25ec47700b3,0,4,1,0
bcdfd628f1a64a839ab3b25ec47700b3,0,4,2,1
bcdfd628f1a64a839ab3b25ec47700b3,0,4,3,0
bcdfd628f1a64a839ab3b25ec47700b3,0,4,4,0
bcdfd628f1a64a839ab3b25ec47700b3,0,4,5,0
bcdfd628f1a64a839ab3b25ec47700b3,0,4,6,0
bcdfd628f1a64a839ab3b25ec47700b3,0,6,1,0
bcdfd628f1a64a839ab3b25ec47700b3,0,6,2,0
bcdfd628f1a64a839ab3b25ec47700b3,0,6,3,0
bcdfd628f1a64a839ab3b25ec47700b3,0,6,4,0
bcdfd628f1a64a839ab3b25ec47700b3,0,6,5,0
bcdfd628f1a64a839ab3b25ec47700b3,0,6,6,1
bcdfd628f1a64a839ab3b25ec47700b3,0,5,1,0
bcdfd628f1a64a839ab3b25ec47700b3,0,5,2,1
bcdfd628f1a64a839ab3b25ec47700b3,0,5,3,0
bcdfd628f1a64a839ab3b25ec47700b3,0,5,4,0
bcdfd628f1a64a839ab3b25ec47700b3,0,5,5,0
bcdfd628f1a64a839ab3b25ec47700b3,0,5,6,0
bcdfd628f1a64a839ab3b25ec47700b3,0,7,1,0
bcdfd628f1a64a839ab3b25ec47700b3,0,7,2,0
bcdfd628f1a64a839ab3b25ec47700b3,0,7,3,1
bcdfd628f1a64a839ab3b25ec47700b3,0,7,4,0
bcdfd628f1a64a839ab3b25ec47700b3,0,7,5,0
bcdfd628f1a64a839ab3b25ec47700b3,0,7,6,0
bcdfd628f1a64a839ab3b25ec47700b3,0,8,1,0
bcdfd628f1a64a839ab3b25ec47700b3,0,8,2,0
bcdfd628f1a64a839ab3b25ec47700b3,0,8,3,1
bcdfd628f1a64a839ab3b25ec47700b3,0,8,4,0
bcdfd628f1a64a839ab3b25ec47700b3,0,8,5,0
bcdfd628f1a64a839ab3b25ec47700b3,0,8,6,0
bcdfd628f1a64a839ab3b25ec47700b3,0,9,1,0
bcdfd628f1a64a839ab3b25ec47700b3,0,9,2,0
bcdfd628f1a64a839ab3b25ec47700b3,0,9,3,1
bcdfd628f1a64a839ab3b25ec47700b3,0,9,4,0
bcdfd628f1a64a839ab3b25ec47700b3,0,9,5,0
bcdfd628f1a64a839ab3b25ec47700b3,0,9,6,0
9f15acba527c4bf98e99b6348176c81f,0,2,1,0
9f15acba527c4bf98e99b6348176c81f,0,2,2,0
9f15acba527c4bf98e99b6348176c81f,0,2,3,1
9f15acba527c4bf98e99b6348176c81f,0,2,4,0
9f15acba527c4bf98e99b6348176c81f,0,2,5,0
9f15acba527c4bf98e99b6348176c81f,0,2,6,0
9f15acba527c4bf98e99b6348176c81f,0,3,1,0
9f15acba527c4bf98e99b6348176c81f,0,3,2,1
9f15acba527c4bf98e99b6348176c81f,0,3,3,0
9f15acba527c4bf98e99b6348176c81f,0,3,4,0
9f15acba527c4bf98e99b6348176c81f,0,3,5,0
9f15acba527c4bf98e99b6348176c81f,0,3,6,0
9f15acba527c4bf98e99b6348176c81f,0,4,1,0
9f15acba527c4bf98e99b6348176c81f,0,4,2,0
9f15acba527c4bf98e99b6348176c81f,0,4,3,1
9f15acba527c4bf98e99b6348176c81f,0,4,4,0
9f15acba527c4bf98e99b6348176c81f,0,4,5,0
9f15acba527c4bf98e99b6348176c81f,0,4,6,0
9f15acba527c4bf98e99b6348176c81f,0,5,1,0
9f15acba527c4bf98e99b6348176c81f,0,5,2,1
9f15acba527c4bf98e99b6348176c81f,0,5,3,0
9f15acba527c4bf98e99b6348176c81f,0,5,4,0
9f15acba527c4bf98e99b6348176c81f,0,5,5,0
9f15acba527c4bf98e99b6348176c81f,0,5,6,0
9f15acba527c4bf98e99b6348176c81f,0,6,1,0
9f15acba527c4bf98e99b6348176c81f,0,6,2,0
9f15acba527c4bf98e99b6348176c81f,0,6,3,0
9f15acba527c4bf98e99b6348176c81f,0,6,4,0
9f15acba527c4bf98e99b6348176c81f,0,6,5,0
9f15acba527c4bf98e99b6348176c81f,0,6,6,1
9f15acba527c4bf98e99b6348176c81f,0,7,1,0
9f15acba527c4bf98e99b6348176c81f,0,7,2,0
9f15acba527c4bf98e99b6348176c81f,0,7,3,0
9f15acba527c4bf98e99b6348176c81f,0,7,4,1
9f15acba527c4bf98e99b6348176c81f,0,7,5,0
9f15acba527c4bf98e99b6348176c81f,0,7,6,0
9f15acba527c4bf98e99b6348176c81f,0,9,1,0
9f15acba527c4bf98e99b6348176c81f,0,9,2,1
9f15acba527c4bf98e99b6348176c81f,0,9,3,0
9f15acba527c4bf98e99b6348176c81f,0,9,4,0
9f15acba527c4bf98e99b6348176c81f,0,9,5,0
9f15acba527c4bf98e99b6348176c81f,0,9,6,0
9f15acba527c4bf98e99b6348176c81f,0,8,1,0
9f15acba527c4bf98e99b6348176c81f,0,8,2,0
9f15acba527c4bf98e99b6348176c81f,0,8,3,1
9f15acba527c4bf98e99b6348176c81f,0,8,4,0
9f15acba527c4bf98e99b6348176c81f,0,8,5,0
9f15acba527c4bf98e99b6348176c81f,0,8,6,0
037b3c58ce1d4614b7bbc640eb48b44e,0,0,1,0
037b3c58ce1d4614b7bbc640eb48b44e,0,0,2,0
037b3c58ce1d4614b7bbc640eb48b44e,0,0,3,0
037b3c58ce1d4614b7bbc640eb48b44e,0,0,4,0
037b3c58ce1d4614b7bbc640eb48b44e,0,0,5,0
037b3c58ce1d4614b7bbc640eb48b44e,0,0,6,1
037b3c58ce1d4614b7bbc640eb48b44e,0,1,1,0
037b3c58ce1d4614b7bbc640eb48b44e,0,1,2,0
037b3c58ce1d4614b7bbc640eb48b44e,0,1,3,0
037b3c58ce1d4614b7bbc640eb48b44e,0,1,4,0
037b3c58ce1d4614b7bbc640eb48b44e,0,1,5,0
037b3c58ce1d4614b7bbc640eb48b44e,0,1,6,1
037b3c58ce1d4614b7bbc640eb48b44e,0,2,1,0
037b3c58ce1d4614b7bbc640eb48b44e,0,2,2,0
037b3c58ce1d4614b7bbc640eb48b44e,0,2,3,0
037b3c58ce1d4614b7bbc640eb48b44e,0,2,4,1
037b3c58ce1d4614b7bbc640eb48b44e,0,2,5,0
037b3c58ce1d4614b7bbc640eb48b44e,0,2,6,0
037b3c58ce1d4614b7bbc640eb48b44e,0,3,1,0
037b3c58ce1d4614b7bbc640eb48b44e,0,3,2,1
037b3c58ce1d4614b7bbc640eb48b44e,0,3,3,0
037b3c58ce1d4614b7bbc640eb48b44e,0,3,4,0
037b3c58ce1d4614b7bbc640eb48b44e,0,3,5,0
037b3c58ce1d4614b7bbc640eb48b44e,0,3,6,0
037b3c58ce1d4614b7bbc640eb48b44e,0,4,1,0
037b3c58ce1d4614b7bbc640eb48b44e,0,4,2,0
037b3c58ce1d4614b7bbc640eb48b44e,0,4,3,1
037b3c58ce1d4614b7bbc640eb48b44e,0,4,4,0
037b3c58ce1d4614b7bbc640eb48b44e,0,4,5,0
037b3c58ce1d4614b7bbc640eb48b44e,0,4,6,0
037b3c58ce1d4614b7bbc640eb48b44e,0,5,1,0
037b3c58ce1d4614b7bbc640eb48b44e,0,5,2,0
037b3c58ce1d4614b7bbc640eb48b44e,0,5,3,0
037b3c58ce1d4614b7bbc640eb48b44e,0,5,4,1
037b3c58ce1d4614b7bbc640eb48b44e,0,5,5,0
037b3c58ce1d4614b7bbc640eb48b44e,0,5,6,0
037b3c58ce1d4614b7bbc640eb48b44e,0,6,1,0
037b3c58ce1d4614b7bbc640eb48b44e,0,6,2,0
037b3c58ce1d4614b7bbc640eb48b44e,0,6,3,0
037b3c58ce1d4614b7bbc640eb48b44e,0,6,4,0
037b3c58ce1d4614b7bbc640eb48b44e,0,6,5,0
037b3c58ce1d4614b7bbc640eb48b44e,0,6,6,1
037b3c58ce1d4614b7bbc640eb48b44e,0,7,1,0
037b3c58ce1d4614b7bbc640eb48b44e,0,7,2,1
037b3c58ce1d4614b7bbc640eb48b44e,0,7,3,0
037b3c58ce1d4614b7bbc640eb48b44e,0,7,4,0
037b3c58ce1d4614b7bbc640eb48b44e,0,7,5,0
037b3c58ce1d4614b7bbc640eb48b44e,0,7,6,0
037b3c58ce1d4614b7bbc640eb48b44e,0,8,1,1
037b3c58ce1d4614b7bbc640eb48b44e,0,8,2,0
037b3c58ce1d4614b7bbc640eb48b44e,0,8,3,0
037b3c58ce1d4614b7bbc640eb48b44e,0,8,4,0
037b3c58ce1d4614b7bbc640eb48b44e,0,8,5,0
037b3c58ce1d4614b7bbc640eb48b44e,0,8,6,0
037b3c58ce1d4614b7bbc640eb48b44e,0,9,1,0
037b3c58ce1d4614b7bbc640eb48b44e,0,9,2,0
037b3c58ce1d4614b7bbc640eb48b44e,0,9,3,1
037b3c58ce1d4614b7bbc640eb48b44e,0,9,4,0
037b3c58ce1d4614b7bbc640eb48b44e,0,9,5,0
037b3c58ce1d4614b7bbc640eb48b44e,0,9,6,0
eea5121c0f2a4f7ab839eabe36b261d0,1,0,1,0
eea5121c0f2a4f7ab839eabe36b261d0,1,0,2,1
eea5121c0f2a4f7ab839eabe36b261d0,1,0,3,0
eea5121c0f2a4f7ab839eabe36b261d0,1,0,4,1
eea5121c0f2a4f7ab839eabe36b261d0,1,0,5,1
eea5121c0f2a4f7ab839eabe36b261d0,1,0,6,0
eea5121c0f2a4f7ab839eabe36b261d0,1,1,1,1
eea5121c0f2a4f7ab839eabe36b261d0,1,1,2,0
eea5121c0f2a4f7ab839eabe36b261d0,1,1,3,1
eea5121c0f2a4f7ab839eabe36b261d0,1,1,4,0
eea5121c0f2a4f7ab839eabe36b261d0,1,1,5,0
eea5121c0f2a4f7ab839eabe36b261d0,1,1,6,0
eea5121c0f2a4f7ab839eabe36b261d0,1,2,1,0
eea5121c0f2a4f7ab839eabe36b261d0,1,2,2,0
eea5121c0f2a4f7ab839eabe36b261d0,1,2,3,0
eea5121c0f2a4f7ab839eabe36b261d0,1,2,4,1
eea5121c0f2a4f7ab839eabe36b261d0,1,2,5,0
eea5121c0f2a4f7ab839eabe36b261d0,1,2,6,0
eea5121c0f2a4f7ab839eabe36b261d0,1,3,1,0
eea5121c0f2a4f7ab839eabe36b261d0,1,3,2,0
eea5121c0f2a4f7ab839eabe36b261d0,1,3,3,0
eea5121c0f2a4f7ab839eabe36b261d0,1,3,4,1
eea5121c0f2a4f7ab839eabe36b261d0,1,3,5,0
eea5121c0f2a4f7ab839eabe36b261d0,1,3,6,0
eea5121c0f2a4f7ab839eabe36b261d0,1,4,1,0
eea5121c0f2a4f7ab839eabe36b261d0,1,4,2,0
eea5121c0f2a4f7ab839eabe36b261d0,1,4,3,0
eea5121c0f2a4f7ab839eabe36b261d0,1,4,4,1
eea5121c0f2a4f7ab839eabe36b261d0,1,4,5,0
eea5121c0f2a4f7ab839eabe36b261d0,1,4,6,0
eea5121c0f2a4f7ab839eabe36b261d0,1,5,1,0
eea5121c0f2a4f7ab839eabe36b261d0,1,5,2,0
eea5121c0f2a4f7ab839eabe36b261d0,1,5,3,0
eea5121c0f2a4f7ab839eabe36b261d0,1,5,4,1
eea5121c0f2a4f7ab839eabe36b261d0,1,5,5,0
eea5121c0f2a4f7ab839eabe36b261d0,1,5,6,0
eea5121c0f2a4f7ab839eabe36b261d0,1,6,1,0
eea5121c0f2a4f7ab839eabe36b261d0,1,6,2,0
eea5121c0f2a4f7ab839eabe36b261d0,1,6,3,0
eea5121c0f2a4f7ab839eabe36b261d0,1,6,4,0
eea5121c0f2a4f7ab839eabe36b261d0,1,6,5,0
eea5121c0f2a4f7ab839eabe36b261d0,1,6,6,1
eea5121c0f2a4f7ab839eabe36b261d0,1,7,1,0
eea5121c0f2a4f7ab839eabe36b261d0,1,7,2,0
eea5121c0f2a4f7ab839eabe36b261d0,1,7,3,1
eea5121c0f2a4f7ab839eabe36b261d0,1,7,4,0
eea5121c0f2a4f7ab839eabe36b261d0,1,7,5,0
eea5121c0f2a4f7ab839eabe36b261d0,1,7,6,0
eea5121c0f2a4f7ab839eabe36b261d0,1,8,1,0
eea5121c0f2a4f7ab839eabe36b261d0,1,8,2,0
eea5121c0f2a4f7ab839eabe36b261d0,1,8,3,1
eea5121c0f2a4f7ab839eabe36b261d0,1,8,4,0
eea5121c0f2a4f7ab839eabe36b261d0,1,8,5,0
eea5121c0f2a4f7ab839eabe36b261d0,1,8,6,0
eea5121c0f2a4f7ab839eabe36b261d0,1,9,1,0
eea5121c0f2a4f7ab839eabe36b261d0,1,9,2,0
eea5121c0f2a4f7ab839eabe36b261d0,1,9,3,0
eea5121c0f2a4f7ab839eabe36b261d0,1,9,4,1
eea5121c0f2a4f7ab839eabe36b261d0,1,9,5,0
eea5121c0f2a4f7ab839eabe36b261d0,1,9,6,0
f61059ec9e474486ba2357fa70614c9b,1,0,1,1
f61059ec9e474486ba2357fa70614c9b,1,0,2,1
f61059ec9e474486ba2357fa70614c9b,1,0,3,1
f61059ec9e474486ba2357fa70614c9b,1,0,4,1
f61059ec9e474486ba2357fa70614c9b,1,0,5,1
f61059ec9e474486ba2357fa70614c9b,1,0,6,0
f61059ec9e474486ba2357fa70614c9b,1,1,1,0
f61059ec9e474486ba2357fa70614c9b,1,1,2,0
f61059ec9e474486ba2357fa70614c9b,1,1,3,0
f61059ec9e474486ba2357fa70614c9b,1,1,4,0
f61059ec9e474486ba2357fa70614c9b,1,1,5,0
f61059ec9e474486ba2357fa70614c9b,1,1,6,1
0e18bf6004e04c709a88b18d5cffa84b,1,0,1,0
0e18bf6004e04c709a88b18d5cffa84b,1,0,2,1
0e18bf6004e04c709a88b18d5cffa84b,1,0,3,0
0e18bf6004e04c709a88b18d5cffa84b,1,0,4,1
0e18bf6004e04c709a88b18d5cffa84b,1,0,5,1
0e18bf6004e04c709a88b18d5cffa84b,1,0,6,0
0e18bf6004e04c709a88b18d5cffa84b,1,1,1,1
0e18bf6004e04c709a88b18d5cffa84b,1,1,2,0
0e18bf6004e04c709a88b18d5cffa84b,1,1,3,1
0e18bf6004e04c709a88b18d5cffa84b,1,1,4,0
0e18bf6004e04c709a88b18d5cffa84b,1,1,5,0
0e18bf6004e04c709a88b18d5cffa84b,1,1,6,0
0e18bf6004e04c709a88b18d5cffa84b,1,2,1,0
0e18bf6004e04c709a88b18d5cffa84b,1,2,2,0
0e18bf6004e04c709a88b18d5cffa84b,1,2,3,0
0e18bf6004e04c709a88b18d5cffa84b,1,2,4,1
0e18bf6004e04c709a88b18d5cffa84b,1,2,5,0
0e18bf6004e04c709a88b18d5cffa84b,1,2,6,0
0e18bf6004e04c709a88b18d5cffa84b,1,3,1,0
0e18bf6004e04c709a88b18d5cffa84b,1,3,2,0
0e18bf6004e04c709a88b18d5cffa84b,1,3,3,0
0e18bf6004e04c709a88b18d5cffa84b,1,3,4,0
0e18bf6004e04c709a88b18d5cffa84b,1,3,5,1
0e18bf6004e04c709a88b18d5cffa84b,1,3,6,0
0e18bf6004e04c709a88b18d5cffa84b,1,4,1,0
0e18bf6004e04c709a88b18d5cffa84b,1,4,2,0
0e18bf6004e04c709a88b18d5cffa84b,1,4,3,0
0e18bf6004e04c709a88b18d5cffa84b,1,4,4,1
0e18bf6004e04c709a88b18d5cffa84b,1,4,5,0
0e18bf6004e04c709a88b18d5cffa84b,1,4,6,0
0e18bf6004e04c709a88b18d5cffa84b,1,5,1,0
0e18bf6004e04c709a88b18d5cffa84b,1,5,2,0
0e18bf6004e04c709a88b18d5cffa84b,1,5,3,0
0e18bf6004e04c709a88b18d5cffa84b,1,5,4,1
0e18bf6004e04c709a88b18d5cffa84b,1,5,5,0
0e18bf6004e04c709a88b18d5cffa84b,1,5,6,0
0e18bf6004e04c709a88b18d5cffa84b,1,6,1,0
0e18bf6004e04c709a88b18d5cffa84b,1,6,2,0
0e18bf6004e04c709a88b18d5cffa84b,1,6,3,0
0e18bf6004e04c709a88b18d5cffa84b,1,6,4,0
0e18bf6004e04c709a88b18d5cffa84b,1,6,5,0
0e18bf6004e04c709a88b18d5cffa84b,1,6,6,1
0e18bf6004e04c709a88b18d5cffa84b,1,7,1,0
0e18bf6004e04c709a88b18d5cffa84b,1,7,2,0
0e18bf6004e04c709a88b18d5cffa84b,1,7,3,0
0e18bf6004e04c709a88b18d5cffa84b,1,7,4,1
0e18bf6004e04c709a88b18d5cffa84b,1,7,5,0
0e18bf6004e04c709a88b18d5cffa84b,1,7,6,0
0e18bf6004e04c709a88b18d5cffa84b,1,8,1,0
0e18bf6004e04c709a88b18d5cffa84b,1,8,2,0
0e18bf6004e04c709a88b18d5cffa84b,1,8,3,0
0e18bf6004e04c709a88b18d5cffa84b,1,8,4,1
0e18bf6004e04c709a88b18d5cffa84b,1,8,5,0
0e18bf6004e04c709a88b18d5cffa84b,1,8,6,0
0e18bf6004e04c709a88b18d5cffa84b,1,9,1,0
0e18bf6004e04c709a88b18d5cffa84b,1,9,2,0
0e18bf6004e04c709a88b18d5cffa84b,1,9,3,0
0e18bf6004e04c709a88b18d5cffa84b,1,9,4,0
0e18bf6004e04c709a88b18d5cffa84b,1,9,5,1
0e18bf6004e04c709a88b18d5cffa84b,1,9,6,0
b1c7c59521ba4b098a9bd8a852970cdf,0,0,1,0
b1c7c59521ba4b098a9bd8a852970cdf,0,0,2,1
b1c7c59521ba4b098a9bd8a852970cdf,0,0,3,0
b1c7c59521ba4b098a9bd8a852970cdf,0,0,4,1
b1c7c59521ba4b098a9bd8a852970cdf,0,0,5,1
b1c7c59521ba4b098a9bd8a852970cdf,0,0,6,0
b1c7c59521ba4b098a9bd8a852970cdf,0,1,1,0
b1c7c59521ba4b098a9bd8a852970cdf,0,1,2,0
b1c7c59521ba4b098a9bd8a852970cdf,0,1,3,1
b1c7c59521ba4b098a9bd8a852970cdf,0,1,4,0
b1c7c59521ba4b098a9bd8a852970cdf,0,1,5,0
b1c7c59521ba4b098a9bd8a852970cdf,0,1,6,0
b1c7c59521ba4b098a9bd8a852970cdf,0,2,1,0
b1c7c59521ba4b098a9bd8a852970cdf,0,2,2,0
b1c7c59521ba4b098a9bd8a852970cdf,0,2,3,1
b1c7c59521ba4b098a9bd8a852970cdf,0,2,4,0
b1c7c59521ba4b098a9bd8a852970cdf,0,2,5,0
b1c7c59521ba4b098a9bd8a852970cdf,0,2,6,0
b1c7c59521ba4b098a9bd8a852970cdf,0,3,1,0
b1c7c59521ba4b098a9bd8a852970cdf,0,3,2,0
b1c7c59521ba4b098a9bd8a852970cdf,0,3,3,0
b1c7c59521ba4b098a9bd8a852970cdf,0,3,4,1
b1c7c59521ba4b098a9bd8a852970cdf,0,3,5,0
b1c7c59521ba4b098a9bd8a852970cdf,0,3,6,0
b1c7c59521ba4b098a9bd8a852970cdf,0,4,1,0
b1c7c59521ba4b098a9bd8a852970cdf,0,4,2,0
b1c7c59521ba4b098a9bd8a852970cdf,0,4,3,0
b1c7c59521ba4b098a9bd8a852970cdf,0,4,4,1
b1c7c59521ba4b098a9bd8a852970cdf,0,4,5,0
b1c7c59521ba4b098a9bd8a852970cdf,0,4,6,0
b1c7c59521ba4b098a9bd8a852970cdf,0,5,1,0
b1c7c59521ba4b098a9bd8a852970cdf,0,5,2,0
b1c7c59521ba4b098a9bd8a852970cdf,0,5,3,0
b1c7c59521ba4b098a9bd8a852970cdf,0,5,4,1
b1c7c59521ba4b098a9bd8a852970cdf,0,5,5,0
b1c7c59521ba4b098a9bd8a852970cdf,0,5,6,0
b1c7c59521ba4b098a9bd8a852970cdf,0,6,1,0
b1c7c59521ba4b098a9bd8a852970cdf,0,6,2,0
b1c7c59521ba4b098a9bd8a852970cdf,0,6,3,0
b1c7c59521ba4b098a9bd8a852970cdf,0,6,4,0
b1c7c59521ba4b098a9bd8a852970cdf,0,6,5,0
b1c7c59521ba4b098a9bd8a852970cdf,0,6,6,1
b1c7c59521ba4b098a9bd8a852970cdf,0,7,1,0
b1c7c59521ba4b098a9bd8a852970cdf,0,7,2,0
b1c7c59521ba4b098a9bd8a852970cdf,0,7,3,1
b1c7c59521ba4b098a9bd8a852970cdf,0,7,4,0
b1c7c59521ba4b098a9bd8a852970cdf,0,7,5,0
b1c7c59521ba4b098a9bd8a852970cdf,0,7,6,0
b1c7c59521ba4b098a9bd8a852970cdf,0,9,1,0
b1c7c59521ba4b098a9bd8a852970cdf,0,9,2,0
b1c7c59521ba4b098a9bd8a852970cdf,0,9,3,0
b1c7c59521ba4b098a9bd8a852970cdf,0,9,4,1
b1c7c59521ba4b098a9bd8a852970cdf,0,9,5,0
b1c7c59521ba4b098a9bd8a852970cdf,0,9,6,0
b1c7c59521ba4b098a9bd8a852970cdf,0,8,1,0
b1c7c59521ba4b098a9bd8a852970cdf,0,8,2,0
b1c7c59521ba4b098a9bd8a852970cdf,0,8,3,0
b1c7c59521ba4b098a9bd8a852970cdf,0,8,4,1
b1c7c59521ba4b098a9bd8a852970cdf,0,8,5,0
b1c7c59521ba4b098a9bd8a852970cdf,0,8,6,0
5e9bd4cb7c2a4999a7a58b59e1f5cdb5,0,1,1,1
5e9bd4cb7c2a4999a7a58b59e1f5cdb5,0,1,2,1
5e9bd4cb7c2a4999a7a58b59e1f5cdb5,0,1,3,0
5e9bd4cb7c2a4999a7a58b59e1f5cdb5,0,1,4,1
5e9bd4cb7c2a4999a7a58b59e1f5cdb5,0,1,5,0
5e9bd4cb7c2a4999a7a58b59e1f5cdb5,0,1,6,0
5e9bd4cb7c2a4999a7a58b59e1f5cdb5,0,0,1,0
5e9bd4cb7c2a4999a7a58b59e1f5cdb5,0,0,2,1
5e9bd4cb7c2a4999a7a58b59e1f5cdb5,0,0,3,1
5e9bd4cb7c2a4999a7a58b59e1f5cdb5,0,0,4,0
5e9bd4cb7c2a4999a7a58b59e1f5cdb5,0,0,5,1
5e9bd4cb7c2a4999a7a58b59e1f5cdb5,0,0,6,0
5e9bd4cb7c2a4999a7a58b59e1f5cdb5,0,2,1,0
5e9bd4cb7c2a4999a7a58b59e1f5cdb5,0,2,2,1
5e9bd4cb7c2a4999a7a58b59e1f5cdb5,0,2,3,0
5e9bd4cb7c2a4999a7a58b59e1f5cdb5,0,2,4,0
5e9bd4cb7c2a4999a7a58b59e1f5cdb5,0,2,5,0
5e9bd4cb7c2a4999a7a58b59e1f5cdb5,0,2,6,0
5e9bd4cb7c2a4999a7a58b59e1f5cdb5,0,3,1,0
5e9bd4cb7c2a4999a7a58b59e1f5cdb5,0,3,2,0
5e9bd4cb7c2a4999a7a58b59e1f5cdb5,0,3,3,1
5e9bd4cb7c2a4999a7a58b59e1f5cdb5,0,3,4,0
5e9bd4cb7c2a4999a7a58b59e1f5cdb5,0,3,5,0
5e9bd4cb7c2a4999a7a58b59e1f5cdb5,0,3,6,0
5e9bd4cb7c2a4999a7a58b59e1f5cdb5,0,4,1,0
5e9bd4cb7c2a4999a7a58b59e1f5cdb5,0,4,2,0
5e9bd4cb7c2a4999a7a58b59e1f5cdb5,0,4,3,1
5e9bd4cb7c2a4999a7a58b59e1f5cdb5,0,4,4,0
5e9bd4cb7c2a4999a7a58b59e1f5cdb5,0,4,5,0
5e9bd4cb7c2a4999a7a58b59e1f5cdb5,0,4,6,0
5e9bd4cb7c2a4999a7a58b59e1f5cdb5,0,7,1,0
5e9bd4cb7c2a4999a7a58b59e1f5cdb5,0,7,2,1
5e9bd4cb7c2a4999a7a58b59e1f5cdb5,0,7,3,0
5e9bd4cb7c2a4999a7a58b59e1f5cdb5,0,7,4,0
5e9bd4cb7c2a4999a7a58b59e1f5cdb5,0,7,5,0
5e9bd4cb7c2a4999a7a58b59e1f5cdb5,0,7,6,0
5e9bd4cb7c2a4999a7a58b59e1f5cdb5,0,6,1,0
5e9bd4cb7c2a4999a7a58b59e1f5cdb5,0,6,2,0
5e9bd4cb7c2a4999a7a58b59e1f5cdb5,0,6,3,0
5e9bd4cb7c2a4999a7a58b59e1f5cdb5,0,6,4,0
5e9bd4cb7c2a4999a7a58b59e1f5cdb5,0,6,5,0
5e9bd4cb7c2a4999a7a58b59e1f5cdb5,0,6,6,1
5e9bd4cb7c2a4999a7a58b59e1f5cdb5,0,5,1,0
5e9bd4cb7c2a4999a7a58b59e1f5cdb5,0,5,2,0
5e9bd4cb7c2a4999a7a58b59e1f5cdb5,0,5,3,0
5e9bd4cb7c2a4999a7a58b59e1f5cdb5,0,5,4,1
5e9bd4cb7c2a4999a7a58b59e1f5cdb5,0,5,5,0
5e9bd4cb7c2a4999a7a58b59e1f5cdb5,0,5,6,0
5e9bd4cb7c2a4999a7a58b59e1f5cdb5,0,9,1,0
5e9bd4cb7c2a4999a7a58b59e1f5cdb5,0,9,2,0
5e9bd4cb7c2a4999a7a58b59e1f5cdb5,0,9,3,0
5e9bd4cb7c2a4999a7a58b59e1f5cdb5,0,9,4,1
5e9bd4cb7c2a4999a7a58b59e1f5cdb5,0,9,5,0
5e9bd4cb7c2a4999a7a58b59e1f5cdb5,0,9,6,0
5e9bd4cb7c2a4999a7a58b59e1f5cdb5,0,8,1,0
5e9bd4cb7c2a4999a7a58b59e1f5cdb5,0,8,2,0
5e9bd4cb7c2a4999a7a58b59e1f5cdb5,0,8,3,1
5e9bd4cb7c2a4999a7a58b59e1f5cdb5,0,8,4,0
5e9bd4cb7c2a4999a7a58b59e1f5cdb5,0,8,5,0
5e9bd4cb7c2a4999a7a58b59e1f5cdb5,0,8,6,0
df379dc8494d4c77b3eacac63b242adc,1,0,1,0
df379dc8494d4c77b3eacac63b242adc,1,0,2,1
df379dc8494d4c77b3eacac63b242adc,1,0,3,0
df379dc8494d4c77b3eacac63b242adc,1,0,4,1
df379dc8494d4c77b3eacac63b242adc,1,0,5,1
df379dc8494d4c77b3eacac63b242adc,1,0,6,0
df379dc8494d4c77b3eacac63b242adc,1,1,1,1
df379dc8494d4c77b3eacac63b242adc,1,1,2,0
df379dc8494d4c77b3eacac63b242adc,1,1,3,1
df379dc8494d4c77b3eacac63b242adc,1,1,4,0
df379dc8494d4c77b3eacac63b242adc,1,1,5,0
df379dc8494d4c77b3eacac63b242adc,1,1,6,0
df379dc8494d4c77b3eacac63b242adc,1,3,1,0
df379dc8494d4c77b3eacac63b242adc,1,3,2,0
df379dc8494d4c77b3eacac63b242adc,1,3,3,0
df379dc8494d4c77b3eacac63b242adc,1,3,4,1
df379dc8494d4c77b3eacac63b242adc,1,3,5,0
df379dc8494d4c77b3eacac63b242adc,1,3,6,0
df379dc8494d4c77b3eacac63b242adc,1,2,1,0
df379dc8494d4c77b3eacac63b242adc,1,2,2,0
df379dc8494d4c77b3eacac63b242adc,1,2,3,0
df379dc8494d4c77b3eacac63b242adc,1,2,4,1
df379dc8494d4c77b3eacac63b242adc,1,2,5,0
df379dc8494d4c77b3eacac63b242adc,1,2,6,0
df379dc8494d4c77b3eacac63b242adc,1,4,1,0
df379dc8494d4c77b3eacac63b242adc,1,4,2,0
df379dc8494d4c77b3eacac63b242adc,1,4,3,0
df379dc8494d4c77b3eacac63b242adc,1,4,4,1
df379dc8494d4c77b3eacac63b242adc,1,4,5,0
df379dc8494d4c77b3eacac63b242adc,1,4,6,0
df379dc8494d4c77b3eacac63b242adc,1,5,1,0
df379dc8494d4c77b3eacac63b242adc,1,5,2,0
df379dc8494d4c77b3eacac63b242adc,1,5,3,0
df379dc8494d4c77b3eacac63b242adc,1,5,4,1
df379dc8494d4c77b3eacac63b242adc,1,5,5,0
df379dc8494d4c77b3eacac63b242adc,1,5,6,0
df379dc8494d4c77b3eacac63b242adc,1,6,1,0
df379dc8494d4c77b3eacac63b242adc,1,6,2,0
df379dc8494d4c77b3eacac63b242adc,1,6,3,0
df379dc8494d4c77b3eacac63b242adc,1,6,4,0
df379dc8494d4c77b3eacac63b242adc,1,6,5,0
df379dc8494d4c77b3eacac63b242adc,1,6,6,1
df379dc8494d4c77b3eacac63b242adc,1,7,1,0
df379dc8494d4c77b3eacac63b242adc,1,7,2,0
df379dc8494d4c77b3eacac63b242adc,1,7,3,1
df379dc8494d4c77b3eacac63b242adc,1,7,4,0
df379dc8494d4c77b3eacac63b242adc,1,7,5,0
df379dc8494d4c77b3eacac63b242adc,1,7,6,0
df379dc8494d4c77b3eacac63b242adc,1,8,1,0
df379dc8494d4c77b3eacac63b242adc,1,8,2,0
df379dc8494d4c77b3eacac63b242adc,1,8,3,0
df379dc8494d4c77b3eacac63b242adc,1,8,4,1
df379dc8494d4c77b3eacac63b242adc,1,8,5,0
df379dc8494d4c77b3eacac63b242adc,1,8,6,0
df379dc8494d4c77b3eacac63b242adc,1,9,1,0
df379dc8494d4c77b3eacac63b242adc,1,9,2,0
df379dc8494d4c77b3eacac63b242adc,1,9,3,0
df379dc8494d4c77b3eacac63b242adc,1,9,4,1
df379dc8494d4c77b3eacac63b242adc,1,9,5,0
df379dc8494d4c77b3eacac63b242adc,1,9,6,0
e687336be1064313b93aff95a5094f99,0,0,1,1
e687336be1064313b93aff95a5094f99,0,0,2,1
e687336be1064313b93aff95a5094f99,0,0,3,1
e687336be1064313b93aff95a5094f99,0,0,4,0
e687336be1064313b93aff95a5094f99,0,0,5,0
e687336be1064313b93aff95a5094f99,0,0,6,0
e687336be1064313b93aff95a5094f99,0,1,1,0
e687336be1064313b93aff95a5094f99,0,1,2,0
e687336be1064313b93aff95a5094f99,0,1,3,0
e687336be1064313b93aff95a5094f99,0,1,4,1
e687336be1064313b93aff95a5094f99,0,1,5,1
e687336be1064313b93aff95a5094f99,0,1,6,0
e687336be1064313b93aff95a5094f99,0,2,1,0
e687336be1064313b93aff95a5094f99,0,2,2,0
e687336be1064313b93aff95a5094f99,0,2,3,0
e687336be1064313b93aff95a5094f99,0,2,4,1
e687336be1064313b93aff95a5094f99,0,2,5,0
e687336be1064313b93aff95a5094f99,0,2,6,0
e687336be1064313b93aff95a5094f99,0,3,1,0
e687336be1064313b93aff95a5094f99,0,3,2,0
e687336be1064313b93aff95a5094f99,0,3,3,0
e687336be1064313b93aff95a5094f99,0,3,4,1
e687336be1064313b93aff95a5094f99,0,3,5,0
e687336be1064313b93aff95a5094f99,0,3,6,0
e687336be1064313b93aff95a5094f99,0,4,1,0
e687336be1064313b93aff95a5094f99,0,4,2,0
e687336be1064313b93aff95a5094f99,0,4,3,0
e687336be1064313b93aff95a5094f99,0,4,4,1
e687336be1064313b93aff95a5094f99,0,4,5,0
e687336be1064313b93aff95a5094f99,0,4,6,0
e687336be1064313b93aff95a5094f99,0,5,1,0
e687336be1064313b93aff95a5094f99,0,5,2,0
e687336be1064313b93aff95a5094f99,0,5,3,0
e687336be1064313b93aff95a5094f99,0,5,4,1
e687336be1064313b93aff95a5094f99,0,5,5,0
e687336be1064313b93aff95a5094f99,0,5,6,0
e687336be1064313b93aff95a5094f99,0,6,1,0
e687336be1064313b93aff95a5094f99,0,6,2,0
e687336be1064313b93aff95a5094f99,0,6,3,0
e687336be1064313b93aff95a5094f99,0,6,4,0
e687336be1064313b93aff95a5094f99,0,6,5,0
e687336be1064313b93aff95a5094f99,0,6,6,1
e687336be1064313b93aff95a5094f99,0,7,1,0
e687336be1064313b93aff95a5094f99,0,7,2,1
e687336be1064313b93aff95a5094f99,0,7,3,0
e687336be1064313b93aff95a5094f99,0,7,4,0
e687336be1064313b93aff95a5094f99,0,7,5,0
e687336be1064313b93aff95a5094f99,0,7,6,0
e687336be1064313b93aff95a5094f99,0,8,1,0
e687336be1064313b93aff95a5094f99,0,8,2,0
e687336be1064313b93aff95a5094f99,0,8,3,0
e687336be1064313b93aff95a5094f99,0,8,4,0
e687336be1064313b93aff95a5094f99,0,8,5,1
e687336be1064313b93aff95a5094f99,0,8,6,0
e687336be1064313b93aff95a5094f99,0,9,1,0
e687336be1064313b93aff95a5094f99,0,9,2,0
e687336be1064313b93aff95a5094f99,0,9,3,0
e687336be1064313b93aff95a5094f99,0,9,4,0
e687336be1064313b93aff95a5094f99,0,9,5,1
e687336be1064313b93aff95a5094f99,0,9,6,0
1d6dd29df351458ca433950905020e71,0,0,1,0
1d6dd29df351458ca433950905020e71,0,0,2,0
1d6dd29df351458ca433950905020e71,0,0,3,0
1d6dd29df351458ca433950905020e71,0,0,4,0
1d6dd29df351458ca433950905020e71,0,0,5,1
1d6dd29df351458ca433950905020e71,0,0,6,0
1d6dd29df351458ca433950905020e71,0,1,1,0
1d6dd29df351458ca433950905020e71,0,1,2,0
1d6dd29df351458ca433950905020e71,0,1,3,0
1d6dd29df351458ca433950905020e71,0,1,4,1
1d6dd29df351458ca433950905020e71,0,1,5,0
1d6dd29df351458ca433950905020e71,0,1,6,0
1d6dd29df351458ca433950905020e71,0,2,1,0
1d6dd29df351458ca433950905020e71,0,2,2,0
1d6dd29df351458ca433950905020e71,0,2,3,0
1d6dd29df351458ca433950905020e71,0,2,4,1
1d6dd29df351458ca433950905020e71,0,2,5,0
1d6dd29df351458ca433950905020e71,0,2,6,0
1d6dd29df351458ca433950905020e71,0,3,1,0
1d6dd29df351458ca433950905020e71,0,3,2,0
1d6dd29df351458ca433950905020e71,0,3,3,0
1d6dd29df351458ca433950905020e71,0,3,4,0
1d6dd29df351458ca433950905020e71,0,3,5,1
1d6dd29df351458ca433950905020e71,0,3,6,0
1d6dd29df351458ca433950905020e71,0,4,1,0
1d6dd29df351458ca433950905020e71,0,4,2,0
1d6dd29df351458ca433950905020e71,0,4,3,0
1d6dd29df351458ca433950905020e71,0,4,4,0
1d6dd29df351458ca433950905020e71,0,4,5,0
1d6dd29df351458ca433950905020e71,0,4,6,1
1d6dd29df351458ca433950905020e71,0,5,1,0
1d6dd29df351458ca433950905020e71,0,5,2,0
1d6dd29df351458ca433950905020e71,0,5,3,0
1d6dd29df351458ca433950905020e71,0,5,4,1
1d6dd29df351458ca433950905020e71,0,5,5,0
1d6dd29df351458ca433950905020e71,0,5,6,0
1d6dd29df351458ca433950905020e71,0,6,1,0
1d6dd29df351458ca433950905020e71,0,6,2,0
1d6dd29df351458ca433950905020e71,0,6,3,0
1d6dd29df351458ca433950905020e71,0,6,4,0
1d6dd29df351458ca433950905020e71,0,6,5,1
1d6dd29df351458ca433950905020e71,0,6,6,0
1d6dd29df351458ca433950905020e71,0,7,1,0
1d6dd29df351458ca433950905020e71,0,7,2,0
1d6dd29df351458ca433950905020e71,0,7,3,0
1d6dd29df351458ca433950905020e71,0,7,4,0
1d6dd29df351458ca433950905020e71,0,7,5,0
1d6dd29df351458ca433950905020e71,0,7,6,1
1d6dd29df351458ca433950905020e71,0,9,1,0
1d6dd29df351458ca433950905020e71,0,9,2,0
1d6dd29df351458ca433950905020e71,0,9,3,0
1d6dd29df351458ca433950905020e71,0,9,4,0
1d6dd29df351458ca433950905020e71,0,9,5,1
1d6dd29df351458ca433950905020e71,0,9,6,0
1d6dd29df351458ca433950905020e71,0,8,1,0
1d6dd29df351458ca433950905020e71,0,8,2,0
1d6dd29df351458ca433950905020e71,0,8,3,0
1d6dd29df351458ca433950905020e71,0,8,4,1
1d6dd29df351458ca433950905020e71,0,8,5,0
1d6dd29df351458ca433950905020e71,0,8,6,0
